time_s,temperature_C,moisture_kg_per_kg
0.0,28.0,0.01963
60.0,28.528,0.02002
120.0,29.192,0.02053
180.0,29.684,0.021
240.0,30.037,0.02151
300.0,30.834,0.02191
360.0,31.293,0.02233
420.0,31.82,0.02278
480.0,32.121,0.02325
540.0,32.73,0.02377
600.0,33.202,0.02428
660.0,33.879,0.02465
720.0,34.268,0.02506
780.0,34.806,0.02552
840.0,35.142,0.02612
900.0,35.524,0.0266
960.0,36.091,0.02687
1020.0,36.354,0.02732
1080.0,37.067,0.02793
1140.0,37.419,0.02826
1200.0,37.882,0.02891
1260.0,38.134,0.02921
1320.0,38.767,0.02961
1380.0,39.125,0.03029
1440.0,39.458,0.03051
1500.0,39.595,0.03098
1560.0,40.061,0.03137
1620.0,40.238,0.03179
1680.0,40.621,0.03219
1740.0,41.166,0.03262
1800.0,41.513,0.03307
1860.0,41.918,0.03345
1920.0,41.952,0.03403
1980.0,42.263,0.03447
2040.0,42.589,0.03476
2100.0,42.745,0.03513
2160.0,42.985,0.03558
2220.0,43.393,0.03609
2280.0,43.534,0.03646
2340.0,43.97,0.03653
2400.0,44.102,0.03694
2460.0,44.503,0.03731
2520.0,44.663,0.03766
2580.0,44.701,0.03812
2640.0,45.138,0.0384
2700.0,45.323,0.03858
2760.0,45.324,0.03903
2820.0,45.462,0.0394
2880.0,45.818,0.03954
2940.0,45.739,0.04013
3000.0,45.93,0.04011
3060.0,45.999,0.04076
3120.0,46.512,0.0407
3180.0,46.602,0.04128
3240.0,46.761,0.04157
3300.0,46.933,0.04187
3360.0,46.912,0.04205
3420.0,47.089,0.04229
3480.0,47.008,0.04247
3540.0,47.111,0.04277
3600.0,47.485,0.04272
3660.0,47.498,0.04312
3720.0,47.646,0.04333
3780.0,47.84,0.04369
3840.0,47.873,0.04373
3900.0,47.926,0.04389
3960.0,48.016,0.0442
4020.0,47.977,0.04422
4080.0,47.926,0.04435
4140.0,48.199,0.04468
4200.0,48.166,0.04483
4260.0,48.331,0.04491
4320.0,48.615,0.04514
4380.0,48.38,0.0453
4440.0,48.357,0.04543
4500.0,48.526,0.04561
4560.0,48.59,0.04589
4620.0,48.825,0.04585
4680.0,48.827,0.04629
4740.0,48.988,0.04641
4800.0,48.979,0.04633
4860.0,48.9,0.04639
4920.0,49.144,0.0466
4980.0,48.87,0.04687
5040.0,48.84,0.04689
5100.0,48.913,0.04707
5160.0,49.261,0.04705
5220.0,49.169,0.0472
5280.0,49.056,0.04713
5340.0,49.257,0.04744
5400.0,49.116,0.04728
5460.0,49.415,0.0476
5520.0,49.321,0.04777
5580.0,49.317,0.04751
5640.0,49.304,0.04782
5700.0,49.492,0.04765
5760.0,49.384,0.04802
5820.0,49.272,0.04779
5880.0,49.31,0.04827
5940.0,49.749,0.04795
6000.0,49.743,0.04841
6060.0,49.66,0.0484
6120.0,49.463,0.04836
6180.0,49.83,0.04851
6240.0,49.753,0.04858
6300.0,49.739,0.04871
6360.0,49.622,0.04842
6420.0,49.55,0.04864
6480.0,49.477,0.04845
6540.0,49.891,0.04875
6600.0,49.683,0.04858
6660.0,49.569,0.04882
6720.0,49.633,0.04886
6780.0,49.781,0.04885
6840.0,49.592,0.04892
6900.0,49.941,0.04908
6960.0,49.902,0.04913
7020.0,49.892,0.04902
7080.0,49.759,0.04911
7140.0,49.865,0.0493
7200.0,49.852,0.04894
7260.0,49.893,0.04897
7320.0,49.619,0.04898
7380.0,49.792,0.04929
7440.0,49.612,0.0492
7500.0,49.845,0.04941
7560.0,49.77,0.04938
7620.0,49.683,0.04924
7680.0,49.669,0.04954
7740.0,49.916,0.0495
7800.0,49.714,0.04928
7860.0,50.095,0.04935
7920.0,49.929,0.04934
7980.0,49.817,0.04929
8040.0,49.943,0.0493
8100.0,49.664,0.04971
8160.0,50.135,0.04948
8220.0,49.902,0.04947
8280.0,50.056,0.04966
8340.0,49.71,0.04959
8400.0,49.915,0.0498
8460.0,49.92,0.04973
8520.0,50.147,0.0496
8580.0,49.967,0.04956
8640.0,49.921,0.04988
8700.0,49.821,0.04976
8760.0,49.856,0.04989
8820.0,49.953,0.04949
8880.0,49.915,0.04986
8940.0,49.708,0.04977
9000.0,50.163,0.04981
9060.0,50.198,0.05004
9120.0,49.82,0.05009
9180.0,50.027,0.04976
9240.0,49.804,0.04998
9300.0,50.086,0.05016
9360.0,49.891,0.0499
9420.0,50.08,0.04998
9480.0,50.113,0.04997
9540.0,50.134,0.0499
9600.0,49.804,0.05021
9660.0,50.208,0.05014
9720.0,49.865,0.04981
9780.0,49.769,0.05025
9840.0,50.027,0.05019
9900.0,49.935,0.04989
9960.0,50.165,0.05017
10020.0,50.154,0.0498
10080.0,49.909,0.05025
10140.0,50.226,0.05008
10200.0,49.895,0.05008
10260.0,50.008,0.0498
10320.0,49.878,0.0502
10380.0,50.218,0.04976
10440.0,49.832,0.04987
10500.0,49.772,0.04982
10560.0,49.968,0.05014
10620.0,50.246,0.04985
10680.0,50.196,0.05021
10740.0,50.124,0.05008
10800.0,50.195,0.04977
10860.0,50.197,0.04975
10920.0,50.009,0.04978
10980.0,49.908,0.05005
11040.0,50.136,0.05015
11100.0,50.081,0.04987
11160.0,49.937,0.05017
11220.0,49.797,0.04978
11280.0,50.123,0.05015
11340.0,49.881,0.05021
11400.0,50.218,0.05014
11460.0,49.87,0.0501
11520.0,49.811,0.05017
11580.0,50.166,0.04977
11640.0,49.827,0.04985
11700.0,49.84,0.04981
11760.0,50.05,0.05
11820.0,50.187,0.05012
11880.0,49.848,0.05007
11940.0,49.905,0.05018
12000.0,50.139,0.04983
12060.0,50.236,0.05012
12120.0,50.0,0.04985
12180.0,49.822,0.04989
12240.0,49.757,0.0501
12300.0,49.865,0.05024
12360.0,49.816,0.05006
12420.0,50.089,0.04978
12480.0,49.811,0.05006
12540.0,50.003,0.04977
12600.0,50.097,0.05019
12660.0,50.041,0.0501
12720.0,49.85,0.04984
12780.0,50.152,0.0498
12840.0,50.108,0.04984
12900.0,50.119,0.05024
12960.0,49.816,0.04998
13020.0,49.812,0.05014
13080.0,50.214,0.05007
13140.0,49.949,0.05004
13200.0,49.9,0.04982
13260.0,49.994,0.05022
13320.0,50.081,0.0499
13380.0,50.228,0.05004
13440.0,49.893,0.0501
13500.0,50.212,0.05007
13560.0,49.762,0.05022
13620.0,50.028,0.04982
13680.0,50.067,0.05
13740.0,49.803,0.04995
13800.0,49.82,0.04999
13860.0,49.96,0.04981
13920.0,50.233,0.04982
13980.0,50.048,0.04989
14040.0,50.217,0.0499
14100.0,50.152,0.04996
14160.0,49.984,0.05006
14220.0,50.142,0.05007
14280.0,49.759,0.04996
14340.0,49.805,0.04995
14400.0,50.0,0.05
14460.0,50.0,0.05
14520.0,50.0,0.05
14580.0,50.0,0.05
14640.0,50.0,0.05
14700.0,50.0,0.05
14760.0,50.0,0.05
14820.0,50.0,0.05
14880.0,50.0,0.05
14940.0,50.0,0.05
15000.0,50.0,0.05
15060.0,50.0,0.05
15120.0,50.0,0.05
15180.0,50.0,0.05
15240.0,50.0,0.05
15300.0,50.0,0.05
15360.0,50.0,0.05
15420.0,50.0,0.05
15480.0,50.0,0.05
15540.0,50.0,0.05
15600.0,50.0,0.05
15660.0,50.0,0.05
15720.0,50.0,0.05
15780.0,50.0,0.05
15840.0,50.0,0.05
15900.0,50.0,0.05
15960.0,50.0,0.05
16020.0,50.0,0.05
16080.0,50.0,0.05
16140.0,50.0,0.05
16200.0,50.0,0.05
16260.0,50.0,0.05
16320.0,50.0,0.05
16380.0,50.0,0.05
16440.0,50.0,0.05
16500.0,50.0,0.05
16560.0,50.0,0.05
16620.0,50.0,0.05
16680.0,50.0,0.05
16740.0,50.0,0.05
16800.0,50.0,0.05
16860.0,50.0,0.05
16920.0,50.0,0.05
16980.0,50.0,0.05
17040.0,50.0,0.05
17100.0,50.0,0.05
17160.0,50.0,0.05
17220.0,50.0,0.05
17280.0,50.0,0.05
17340.0,50.0,0.05
17400.0,50.0,0.05
17460.0,50.0,0.05
17520.0,50.0,0.05
17580.0,50.0,0.05
17640.0,50.0,0.05
17700.0,50.0,0.05
17760.0,50.0,0.05
17820.0,50.0,0.05
17880.0,50.0,0.05
17940.0,50.0,0.05
18000.0,50.0,0.05
18060.0,50.0,0.05
18120.0,50.0,0.05
18180.0,50.0,0.05
18240.0,50.0,0.05
18300.0,50.0,0.05
18360.0,50.0,0.05
18420.0,50.0,0.05
18480.0,50.0,0.05
18540.0,50.0,0.05
18600.0,50.0,0.05
18660.0,50.0,0.05
18720.0,50.0,0.05
18780.0,50.0,0.05
18840.0,50.0,0.05
18900.0,50.0,0.05
18960.0,50.0,0.05
19020.0,50.0,0.05
19080.0,50.0,0.05
19140.0,50.0,0.05
19200.0,50.0,0.05
19260.0,50.0,0.05
19320.0,50.0,0.05
19380.0,50.0,0.05
19440.0,50.0,0.05
19500.0,50.0,0.05
19560.0,50.0,0.05
19620.0,50.0,0.05
19680.0,50.0,0.05
19740.0,50.0,0.05
19800.0,50.0,0.05
19860.0,50.0,0.05
19920.0,50.0,0.05
19980.0,50.0,0.05
20040.0,50.0,0.05
20100.0,50.0,0.05
20160.0,50.0,0.05
20220.0,50.0,0.05
20280.0,50.0,0.05
20340.0,50.0,0.05
20400.0,50.0,0.05
20460.0,50.0,0.05
20520.0,50.0,0.05
20580.0,50.0,0.05
20640.0,50.0,0.05
20700.0,50.0,0.05
20760.0,50.0,0.05
20820.0,50.0,0.05
20880.0,50.0,0.05
20940.0,50.0,0.05
21000.0,50.0,0.05
21060.0,50.0,0.05
21120.0,50.0,0.05
21180.0,50.0,0.05
21240.0,50.0,0.05
21300.0,50.0,0.05
21360.0,50.0,0.05
21420.0,50.0,0.05
21480.0,50.0,0.05
21540.0,50.0,0.05
21600.0,50.0,0.05
21660.0,50.0,0.05
21720.0,50.0,0.05
21780.0,50.0,0.05
21840.0,50.0,0.05
21900.0,50.0,0.05
21960.0,50.0,0.05
22020.0,50.0,0.05
22080.0,50.0,0.05
22140.0,50.0,0.05
22200.0,50.0,0.05
22260.0,50.0,0.05
22320.0,50.0,0.05
22380.0,50.0,0.05
22440.0,50.0,0.05
22500.0,50.0,0.05
22560.0,50.0,0.05
22620.0,50.0,0.05
22680.0,50.0,0.05
22740.0,50.0,0.05
22800.0,50.0,0.05
22860.0,50.0,0.05
22920.0,50.0,0.05
22980.0,50.0,0.05
23040.0,50.0,0.05
23100.0,50.0,0.05
23160.0,50.0,0.05
23220.0,50.0,0.05
23280.0,50.0,0.05
23340.0,50.0,0.05
23400.0,50.0,0.05
23460.0,50.0,0.05
23520.0,50.0,0.05
23580.0,50.0,0.05
23640.0,50.0,0.05
23700.0,50.0,0.05
23760.0,50.0,0.05
23820.0,50.0,0.05
23880.0,50.0,0.05
23940.0,50.0,0.05
24000.0,50.0,0.05
24060.0,50.0,0.05
24120.0,50.0,0.05
24180.0,50.0,0.05
24240.0,50.0,0.05
24300.0,50.0,0.05
24360.0,50.0,0.05
24420.0,50.0,0.05
24480.0,50.0,0.05
24540.0,50.0,0.05
24600.0,50.0,0.05
24660.0,50.0,0.05
24720.0,50.0,0.05
24780.0,50.0,0.05
24840.0,50.0,0.05
24900.0,50.0,0.05
24960.0,50.0,0.05
25020.0,50.0,0.05
25080.0,50.0,0.05
25140.0,50.0,0.05
25200.0,50.0,0.05
25260.0,50.0,0.05
25320.0,50.0,0.05
25380.0,50.0,0.05
25440.0,50.0,0.05
25500.0,50.0,0.05
25560.0,50.0,0.05
25620.0,50.0,0.05
25680.0,50.0,0.05
25740.0,50.0,0.05
25800.0,50.0,0.05
25860.0,50.0,0.05
25920.0,50.0,0.05
25980.0,50.0,0.05
26040.0,50.0,0.05
26100.0,50.0,0.05
26160.0,50.0,0.05
26220.0,50.0,0.05
26280.0,50.0,0.05
26340.0,50.0,0.05
26400.0,50.0,0.05
26460.0,50.0,0.05
26520.0,50.0,0.05
26580.0,50.0,0.05
26640.0,50.0,0.05
26700.0,50.0,0.05
26760.0,50.0,0.05
26820.0,50.0,0.05
26880.0,50.0,0.05
26940.0,50.0,0.05
27000.0,50.0,0.05
27060.0,50.0,0.05
27120.0,50.0,0.05
27180.0,50.0,0.05
27240.0,50.0,0.05
27300.0,50.0,0.05
27360.0,50.0,0.05
27420.0,50.0,0.05
27480.0,50.0,0.05
27540.0,50.0,0.05
27600.0,50.0,0.05
27660.0,50.0,0.05
27720.0,50.0,0.05
27780.0,50.0,0.05
27840.0,50.0,0.05
27900.0,50.0,0.05
27960.0,50.0,0.05
28020.0,50.0,0.05
28080.0,50.0,0.05
28140.0,50.0,0.05
28200.0,50.0,0.05
28260.0,50.0,0.05
28320.0,50.0,0.05
28380.0,50.0,0.05
28440.0,50.0,0.05
28500.0,50.0,0.05
28560.0,50.0,0.05
28620.0,50.0,0.05
28680.0,50.0,0.05
28740.0,50.0,0.05
28800.0,50.0,0.05
28860.0,50.0,0.05
28920.0,50.0,0.05
28980.0,50.0,0.05
29040.0,50.0,0.05
29100.0,50.0,0.05
29160.0,50.0,0.05
29220.0,50.0,0.05
29280.0,50.0,0.05
29340.0,50.0,0.05
29400.0,50.0,0.05
29460.0,50.0,0.05
29520.0,50.0,0.05
29580.0,50.0,0.05
29640.0,50.0,0.05
29700.0,50.0,0.05
29760.0,50.0,0.05
29820.0,50.0,0.05
29880.0,50.0,0.05
29940.0,50.0,0.05
30000.0,50.0,0.05
30060.0,50.0,0.05
30120.0,50.0,0.05
30180.0,50.0,0.05
30240.0,50.0,0.05
30300.0,50.0,0.05
30360.0,50.0,0.05
30420.0,50.0,0.05
30480.0,50.0,0.05
30540.0,50.0,0.05
30600.0,50.0,0.05
30660.0,50.0,0.05
30720.0,50.0,0.05
30780.0,50.0,0.05
30840.0,50.0,0.05
30900.0,50.0,0.05
30960.0,50.0,0.05
31020.0,50.0,0.05
31080.0,50.0,0.05
31140.0,50.0,0.05
31200.0,50.0,0.05
31260.0,50.0,0.05
31320.0,50.0,0.05
31380.0,50.0,0.05
31440.0,50.0,0.05
31500.0,50.0,0.05
31560.0,50.0,0.05
31620.0,50.0,0.05
31680.0,50.0,0.05
31740.0,50.0,0.05
31800.0,50.0,0.05
31860.0,50.0,0.05
31920.0,50.0,0.05
31980.0,50.0,0.05
32040.0,50.0,0.05
32100.0,50.0,0.05
32160.0,50.0,0.05
32220.0,50.0,0.05
32280.0,50.0,0.05
32340.0,50.0,0.05
32400.0,50.0,0.05
32460.0,50.0,0.05
32520.0,50.0,0.05
32580.0,50.0,0.05
32640.0,50.0,0.05
32700.0,50.0,0.05
32760.0,50.0,0.05
32820.0,50.0,0.05
32880.0,50.0,0.05
32940.0,50.0,0.05
33000.0,50.0,0.05
33060.0,50.0,0.05
33120.0,50.0,0.05
33180.0,50.0,0.05
33240.0,50.0,0.05
33300.0,50.0,0.05
33360.0,50.0,0.05
33420.0,50.0,0.05
33480.0,50.0,0.05
33540.0,50.0,0.05
33600.0,50.0,0.05
33660.0,50.0,0.05
33720.0,50.0,0.05
33780.0,50.0,0.05
33840.0,50.0,0.05
33900.0,50.0,0.05
33960.0,50.0,0.05
34020.0,50.0,0.05
34080.0,50.0,0.05
34140.0,50.0,0.05
34200.0,50.0,0.05
34260.0,50.0,0.05
34320.0,50.0,0.05
34380.0,50.0,0.05
34440.0,50.0,0.05
34500.0,50.0,0.05
34560.0,50.0,0.05
34620.0,50.0,0.05
34680.0,50.0,0.05
34740.0,50.0,0.05
34800.0,50.0,0.05
34860.0,50.0,0.05
34920.0,50.0,0.05
34980.0,50.0,0.05
35040.0,50.0,0.05
35100.0,50.0,0.05
35160.0,50.0,0.05
35220.0,50.0,0.05
35280.0,50.0,0.05
35340.0,50.0,0.05
35400.0,50.0,0.05
35460.0,50.0,0.05
35520.0,50.0,0.05
35580.0,50.0,0.05
35640.0,50.0,0.05
35700.0,50.0,0.05
35760.0,50.0,0.05
35820.0,50.0,0.05
35880.0,50.0,0.05
35940.0,50.0,0.05
36000.0,50.0,0.05
36060.0,50.0,0.05
36120.0,50.0,0.05
36180.0,50.0,0.05
36240.0,50.0,0.05
36300.0,50.0,0.05
36360.0,50.0,0.05
36420.0,50.0,0.05
36480.0,50.0,0.05
36540.0,50.0,0.05
36600.0,50.0,0.05
36660.0,50.0,0.05
36720.0,50.0,0.05
36780.0,50.0,0.05
36840.0,50.0,0.05
36900.0,50.0,0.05
36960.0,50.0,0.05
37020.0,50.0,0.05
37080.0,50.0,0.05
37140.0,50.0,0.05
37200.0,50.0,0.05
37260.0,50.0,0.05
37320.0,50.0,0.05
37380.0,50.0,0.05
37440.0,50.0,0.05
37500.0,50.0,0.05
37560.0,50.0,0.05
37620.0,50.0,0.05
37680.0,50.0,0.05
37740.0,50.0,0.05
37800.0,50.0,0.05
37860.0,50.0,0.05
37920.0,50.0,0.05
37980.0,50.0,0.05
38040.0,50.0,0.05
38100.0,50.0,0.05
38160.0,50.0,0.05
38220.0,50.0,0.05
38280.0,50.0,0.05
38340.0,50.0,0.05
38400.0,50.0,0.05
38460.0,50.0,0.05
38520.0,50.0,0.05
38580.0,50.0,0.05
38640.0,50.0,0.05
38700.0,50.0,0.05
38760.0,50.0,0.05
38820.0,50.0,0.05
38880.0,50.0,0.05
38940.0,50.0,0.05
39000.0,50.0,0.05
39060.0,50.0,0.05
39120.0,50.0,0.05
39180.0,50.0,0.05
39240.0,50.0,0.05
39300.0,50.0,0.05
39360.0,50.0,0.05
39420.0,50.0,0.05
39480.0,50.0,0.05
39540.0,50.0,0.05
39600.0,50.0,0.05
39660.0,50.0,0.05
39720.0,50.0,0.05
39780.0,50.0,0.05
39840.0,50.0,0.05
39900.0,50.0,0.05
39960.0,50.0,0.05
40020.0,50.0,0.05
40080.0,50.0,0.05
40140.0,50.0,0.05
40200.0,50.0,0.05
40260.0,50.0,0.05
40320.0,50.0,0.05
40380.0,50.0,0.05
40440.0,50.0,0.05
40500.0,50.0,0.05
40560.0,50.0,0.05
40620.0,50.0,0.05
40680.0,50.0,0.05
40740.0,50.0,0.05
40800.0,50.0,0.05
40860.0,50.0,0.05
40920.0,50.0,0.05
40980.0,50.0,0.05
41040.0,50.0,0.05
41100.0,50.0,0.05
41160.0,50.0,0.05
41220.0,50.0,0.05
41280.0,50.0,0.05
41340.0,50.0,0.05
41400.0,50.0,0.05
41460.0,50.0,0.05
41520.0,50.0,0.05
41580.0,50.0,0.05
41640.0,50.0,0.05
41700.0,50.0,0.05
41760.0,50.0,0.05
41820.0,50.0,0.05
41880.0,50.0,0.05
41940.0,50.0,0.05
42000.0,50.0,0.05
42060.0,50.0,0.05
42120.0,50.0,0.05
42180.0,50.0,0.05
42240.0,50.0,0.05
42300.0,50.0,0.05
42360.0,50.0,0.05
42420.0,50.0,0.05
42480.0,50.0,0.05
42540.0,50.0,0.05
42600.0,50.0,0.05
42660.0,50.0,0.05
42720.0,50.0,0.05
42780.0,50.0,0.05
42840.0,50.0,0.05
42900.0,50.0,0.05
42960.0,50.0,0.05
43020.0,50.0,0.05
43080.0,50.0,0.05
43140.0,50.0,0.05
43200.0,50.0,0.05
43260.0,50.0,0.05
43320.0,50.0,0.05
43380.0,50.0,0.05
43440.0,50.0,0.05
43500.0,50.0,0.05
43560.0,50.0,0.05
43620.0,50.0,0.05
43680.0,50.0,0.05
43740.0,50.0,0.05
43800.0,50.0,0.05
43860.0,50.0,0.05
43920.0,50.0,0.05
43980.0,50.0,0.05
44040.0,50.0,0.05
44100.0,50.0,0.05
44160.0,50.0,0.05
44220.0,50.0,0.05
44280.0,50.0,0.05
44340.0,50.0,0.05
44400.0,50.0,0.05
44460.0,50.0,0.05
44520.0,50.0,0.05
44580.0,50.0,0.05
44640.0,50.0,0.05
44700.0,50.0,0.05
44760.0,50.0,0.05
44820.0,50.0,0.05
44880.0,50.0,0.05
44940.0,50.0,0.05
45000.0,50.0,0.05
45060.0,50.0,0.05
45120.0,50.0,0.05
45180.0,50.0,0.05
45240.0,50.0,0.05
45300.0,50.0,0.05
45360.0,50.0,0.05
45420.0,50.0,0.05
45480.0,50.0,0.05
45540.0,50.0,0.05
45600.0,50.0,0.05
45660.0,50.0,0.05
45720.0,50.0,0.05
45780.0,50.0,0.05
45840.0,50.0,0.05
45900.0,50.0,0.05
45960.0,50.0,0.05
46020.0,50.0,0.05
46080.0,50.0,0.05
46140.0,50.0,0.05
46200.0,50.0,0.05
46260.0,50.0,0.05
46320.0,50.0,0.05
46380.0,50.0,0.05
46440.0,50.0,0.05
46500.0,50.0,0.05
46560.0,50.0,0.05
46620.0,50.0,0.05
46680.0,50.0,0.05
46740.0,50.0,0.05
46800.0,50.0,0.05
46860.0,50.0,0.05
46920.0,50.0,0.05
46980.0,50.0,0.05
47040.0,50.0,0.05
47100.0,50.0,0.05
47160.0,50.0,0.05
47220.0,50.0,0.05
47280.0,50.0,0.05
47340.0,50.0,0.05
47400.0,50.0,0.05
47460.0,50.0,0.05
47520.0,50.0,0.05
47580.0,50.0,0.05
47640.0,50.0,0.05
47700.0,50.0,0.05
47760.0,50.0,0.05
47820.0,50.0,0.05
47880.0,50.0,0.05
47940.0,50.0,0.05
48000.0,50.0,0.05
48060.0,50.0,0.05
48120.0,50.0,0.05
48180.0,50.0,0.05
48240.0,50.0,0.05
48300.0,50.0,0.05
48360.0,50.0,0.05
48420.0,50.0,0.05
48480.0,50.0,0.05
48540.0,50.0,0.05
48600.0,50.0,0.05
48660.0,50.0,0.05
48720.0,50.0,0.05
48780.0,50.0,0.05
48840.0,50.0,0.05
48900.0,50.0,0.05
48960.0,50.0,0.05
49020.0,50.0,0.05
49080.0,50.0,0.05
49140.0,50.0,0.05
49200.0,50.0,0.05
49260.0,50.0,0.05
49320.0,50.0,0.05
49380.0,50.0,0.05
49440.0,50.0,0.05
49500.0,50.0,0.05
49560.0,50.0,0.05
49620.0,50.0,0.05
49680.0,50.0,0.05
49740.0,50.0,0.05
49800.0,50.0,0.05
49860.0,50.0,0.05
49920.0,50.0,0.05
49980.0,50.0,0.05
50040.0,50.0,0.05
50100.0,50.0,0.05
50160.0,50.0,0.05
50220.0,50.0,0.05
50280.0,50.0,0.05
50340.0,50.0,0.05
50400.0,50.0,0.05
50460.0,50.0,0.05
50520.0,50.0,0.05
50580.0,50.0,0.05
50640.0,50.0,0.05
50700.0,50.0,0.05
50760.0,50.0,0.05
50820.0,50.0,0.05
50880.0,50.0,0.05
50940.0,50.0,0.05
51000.0,50.0,0.05
51060.0,50.0,0.05
51120.0,50.0,0.05
51180.0,50.0,0.05
51240.0,50.0,0.05
51300.0,50.0,0.05
51360.0,50.0,0.05
51420.0,50.0,0.05
51480.0,50.0,0.05
51540.0,50.0,0.05
51600.0,50.0,0.05
51660.0,50.0,0.05
51720.0,50.0,0.05
51780.0,50.0,0.05
51840.0,50.0,0.05
51900.0,50.0,0.05
51960.0,50.0,0.05
52020.0,50.0,0.05
52080.0,50.0,0.05
52140.0,50.0,0.05
52200.0,50.0,0.05
52260.0,50.0,0.05
52320.0,50.0,0.05
52380.0,50.0,0.05
52440.0,50.0,0.05
52500.0,50.0,0.05
52560.0,50.0,0.05
52620.0,50.0,0.05
52680.0,50.0,0.05
52740.0,50.0,0.05
52800.0,50.0,0.05
52860.0,50.0,0.05
52920.0,50.0,0.05
52980.0,50.0,0.05
53040.0,50.0,0.05
53100.0,50.0,0.05
53160.0,50.0,0.05
53220.0,50.0,0.05
53280.0,50.0,0.05
53340.0,50.0,0.05
53400.0,50.0,0.05
53460.0,50.0,0.05
53520.0,50.0,0.05
53580.0,50.0,0.05
53640.0,50.0,0.05
53700.0,50.0,0.05
53760.0,50.0,0.05
53820.0,50.0,0.05
53880.0,50.0,0.05
53940.0,50.0,0.05
54000.0,50.0,0.05
54060.0,50.0,0.05
54120.0,50.0,0.05
54180.0,50.0,0.05
54240.0,50.0,0.05
54300.0,50.0,0.05
54360.0,50.0,0.05
54420.0,50.0,0.05
54480.0,50.0,0.05
54540.0,50.0,0.05
54600.0,50.0,0.05
54660.0,50.0,0.05
54720.0,50.0,0.05
54780.0,50.0,0.05
54840.0,50.0,0.05
54900.0,50.0,0.05
54960.0,50.0,0.05
55020.0,50.0,0.05
55080.0,50.0,0.05
55140.0,50.0,0.05
55200.0,50.0,0.05
55260.0,50.0,0.05
55320.0,50.0,0.05
55380.0,50.0,0.05
55440.0,50.0,0.05
55500.0,50.0,0.05
55560.0,50.0,0.05
55620.0,50.0,0.05
55680.0,50.0,0.05
55740.0,50.0,0.05
55800.0,50.0,0.05
55860.0,50.0,0.05
55920.0,50.0,0.05
55980.0,50.0,0.05
56040.0,50.0,0.05
56100.0,50.0,0.05
56160.0,50.0,0.05
56220.0,50.0,0.05
56280.0,50.0,0.05
56340.0,50.0,0.05
56400.0,50.0,0.05
56460.0,50.0,0.05
56520.0,50.0,0.05
56580.0,50.0,0.05
56640.0,50.0,0.05
56700.0,50.0,0.05
56760.0,50.0,0.05
56820.0,50.0,0.05
56880.0,50.0,0.05
56940.0,50.0,0.05
57000.0,50.0,0.05
57060.0,50.0,0.05
57120.0,50.0,0.05
57180.0,50.0,0.05
57240.0,50.0,0.05
57300.0,50.0,0.05
57360.0,50.0,0.05
57420.0,50.0,0.05
57480.0,50.0,0.05
57540.0,50.0,0.05
57600.0,50.0,0.05
57660.0,50.0,0.05
57720.0,50.0,0.05
57780.0,50.0,0.05
57840.0,50.0,0.05
57900.0,50.0,0.05
57960.0,50.0,0.05
58020.0,50.0,0.05
58080.0,50.0,0.05
58140.0,50.0,0.05
58200.0,50.0,0.05
58260.0,50.0,0.05
58320.0,50.0,0.05
58380.0,50.0,0.05
58440.0,50.0,0.05
58500.0,50.0,0.05
58560.0,50.0,0.05
58620.0,50.0,0.05
58680.0,50.0,0.05
58740.0,50.0,0.05
58800.0,50.0,0.05
58860.0,50.0,0.05
58920.0,50.0,0.05
58980.0,50.0,0.05
59040.0,50.0,0.05
59100.0,50.0,0.05
59160.0,50.0,0.05
59220.0,50.0,0.05
59280.0,50.0,0.05
59340.0,50.0,0.05
59400.0,50.0,0.05
59460.0,50.0,0.05
59520.0,50.0,0.05
59580.0,50.0,0.05
59640.0,50.0,0.05
59700.0,50.0,0.05
59760.0,50.0,0.05
59820.0,50.0,0.05
59880.0,50.0,0.05
59940.0,50.0,0.05
60000.0,50.0,0.05
60060.0,50.0,0.05
60120.0,50.0,0.05
60180.0,50.0,0.05
60240.0,50.0,0.05
60300.0,50.0,0.05
60360.0,50.0,0.05
60420.0,50.0,0.05
60480.0,50.0,0.05
60540.0,50.0,0.05
60600.0,50.0,0.05
60660.0,50.0,0.05
60720.0,50.0,0.05
60780.0,50.0,0.05
60840.0,50.0,0.05
60900.0,50.0,0.05
60960.0,50.0,0.05
61020.0,50.0,0.05
61080.0,50.0,0.05
61140.0,50.0,0.05
61200.0,50.0,0.05
61260.0,50.0,0.05
61320.0,50.0,0.05
61380.0,50.0,0.05
61440.0,50.0,0.05
61500.0,50.0,0.05
61560.0,50.0,0.05
61620.0,50.0,0.05
61680.0,50.0,0.05
61740.0,50.0,0.05
61800.0,50.0,0.05
61860.0,50.0,0.05
61920.0,50.0,0.05
61980.0,50.0,0.05
62040.0,50.0,0.05
62100.0,50.0,0.05
62160.0,50.0,0.05
62220.0,50.0,0.05
62280.0,50.0,0.05
62340.0,50.0,0.05
62400.0,50.0,0.05
62460.0,50.0,0.05
62520.0,50.0,0.05
62580.0,50.0,0.05
62640.0,50.0,0.05
62700.0,50.0,0.05
62760.0,50.0,0.05
62820.0,50.0,0.05
62880.0,50.0,0.05
62940.0,50.0,0.05
63000.0,50.0,0.05
63060.0,50.0,0.05
63120.0,50.0,0.05
63180.0,50.0,0.05
63240.0,50.0,0.05
63300.0,50.0,0.05
63360.0,50.0,0.05
63420.0,50.0,0.05
63480.0,50.0,0.05
63540.0,50.0,0.05
63600.0,50.0,0.05
63660.0,50.0,0.05
63720.0,50.0,0.05
63780.0,50.0,0.05
63840.0,50.0,0.05
63900.0,50.0,0.05
63960.0,50.0,0.05
64020.0,50.0,0.05
64080.0,50.0,0.05
64140.0,50.0,0.05
64200.0,50.0,0.05
64260.0,50.0,0.05
64320.0,50.0,0.05
64380.0,50.0,0.05
64440.0,50.0,0.05
64500.0,50.0,0.05
64560.0,50.0,0.05
64620.0,50.0,0.05
64680.0,50.0,0.05
64740.0,50.0,0.05
64800.0,50.0,0.05
64860.0,50.0,0.05
64920.0,50.0,0.05
64980.0,50.0,0.05
65040.0,50.0,0.05
65100.0,50.0,0.05
65160.0,50.0,0.05
65220.0,50.0,0.05
65280.0,50.0,0.05
65340.0,50.0,0.05
65400.0,50.0,0.05
65460.0,50.0,0.05
65520.0,50.0,0.05
65580.0,50.0,0.05
65640.0,50.0,0.05
65700.0,50.0,0.05
65760.0,50.0,0.05
65820.0,50.0,0.05
65880.0,50.0,0.05
65940.0,50.0,0.05
66000.0,50.0,0.05
66060.0,50.0,0.05
66120.0,50.0,0.05
66180.0,50.0,0.05
66240.0,50.0,0.05
66300.0,50.0,0.05
66360.0,50.0,0.05
66420.0,50.0,0.05
66480.0,50.0,0.05
66540.0,50.0,0.05
66600.0,50.0,0.05
66660.0,50.0,0.05
66720.0,50.0,0.05
66780.0,50.0,0.05
66840.0,50.0,0.05
66900.0,50.0,0.05
66960.0,50.0,0.05
67020.0,50.0,0.05
67080.0,50.0,0.05
67140.0,50.0,0.05
67200.0,50.0,0.05
67260.0,50.0,0.05
67320.0,50.0,0.05
67380.0,50.0,0.05
67440.0,50.0,0.05
67500.0,50.0,0.05
67560.0,50.0,0.05
67620.0,50.0,0.05
67680.0,50.0,0.05
67740.0,50.0,0.05
67800.0,50.0,0.05
67860.0,50.0,0.05
67920.0,50.0,0.05
67980.0,50.0,0.05
68040.0,50.0,0.05
68100.0,50.0,0.05
68160.0,50.0,0.05
68220.0,50.0,0.05
68280.0,50.0,0.05
68340.0,50.0,0.05
68400.0,50.0,0.05
68460.0,50.0,0.05
68520.0,50.0,0.05
68580.0,50.0,0.05
68640.0,50.0,0.05
68700.0,50.0,0.05
68760.0,50.0,0.05
68820.0,50.0,0.05
68880.0,50.0,0.05
68940.0,50.0,0.05
69000.0,50.0,0.05
69060.0,50.0,0.05
69120.0,50.0,0.05
69180.0,50.0,0.05
69240.0,50.0,0.05
69300.0,50.0,0.05
69360.0,50.0,0.05
69420.0,50.0,0.05
69480.0,50.0,0.05
69540.0,50.0,0.05
69600.0,50.0,0.05
69660.0,50.0,0.05
69720.0,50.0,0.05
69780.0,50.0,0.05
69840.0,50.0,0.05
69900.0,50.0,0.05
69960.0,50.0,0.05
70020.0,50.0,0.05
70080.0,50.0,0.05
70140.0,50.0,0.05
70200.0,50.0,0.05
70260.0,50.0,0.05
70320.0,50.0,0.05
70380.0,50.0,0.05
70440.0,50.0,0.05
70500.0,50.0,0.05
70560.0,50.0,0.05
70620.0,50.0,0.05
70680.0,50.0,0.05
70740.0,50.0,0.05
70800.0,50.0,0.05
70860.0,50.0,0.05
70920.0,50.0,0.05
70980.0,50.0,0.05
71040.0,50.0,0.05
71100.0,50.0,0.05
71160.0,50.0,0.05
71220.0,50.0,0.05
71280.0,50.0,0.05
71340.0,50.0,0.05
71400.0,50.0,0.05
71460.0,50.0,0.05
71520.0,50.0,0.05
71580.0,50.0,0.05
71640.0,50.0,0.05
71700.0,50.0,0.05
71760.0,50.0,0.05
71820.0,50.0,0.05
71880.0,50.0,0.05
71940.0,50.0,0.05
72000.0,50.0,0.05
72060.0,50.0,0.05
72120.0,50.0,0.05
72180.0,50.0,0.05
72240.0,50.0,0.05
72300.0,50.0,0.05
72360.0,50.0,0.05
72420.0,50.0,0.05
72480.0,50.0,0.05
72540.0,50.0,0.05
72600.0,50.0,0.05
72660.0,50.0,0.05
72720.0,50.0,0.05
72780.0,50.0,0.05
72840.0,50.0,0.05
72900.0,50.0,0.05
72960.0,50.0,0.05
73020.0,50.0,0.05
73080.0,50.0,0.05
73140.0,50.0,0.05
73200.0,50.0,0.05
73260.0,50.0,0.05
73320.0,50.0,0.05
73380.0,50.0,0.05
73440.0,50.0,0.05
73500.0,50.0,0.05
73560.0,50.0,0.05
73620.0,50.0,0.05
73680.0,50.0,0.05
73740.0,50.0,0.05
73800.0,50.0,0.05
73860.0,50.0,0.05
73920.0,50.0,0.05
73980.0,50.0,0.05
74040.0,50.0,0.05
74100.0,50.0,0.05
74160.0,50.0,0.05
74220.0,50.0,0.05
74280.0,50.0,0.05
74340.0,50.0,0.05
74400.0,50.0,0.05
74460.0,50.0,0.05
74520.0,50.0,0.05
74580.0,50.0,0.05
74640.0,50.0,0.05
74700.0,50.0,0.05
74760.0,50.0,0.05
74820.0,50.0,0.05
74880.0,50.0,0.05
74940.0,50.0,0.05
75000.0,50.0,0.05
75060.0,50.0,0.05
75120.0,50.0,0.05
75180.0,50.0,0.05
75240.0,50.0,0.05
75300.0,50.0,0.05
75360.0,50.0,0.05
75420.0,50.0,0.05
75480.0,50.0,0.05
75540.0,50.0,0.05
75600.0,50.0,0.05
75660.0,50.0,0.05
75720.0,50.0,0.05
75780.0,50.0,0.05
75840.0,50.0,0.05
75900.0,50.0,0.05
75960.0,50.0,0.05
76020.0,50.0,0.05
76080.0,50.0,0.05
76140.0,50.0,0.05
76200.0,50.0,0.05
76260.0,50.0,0.05
76320.0,50.0,0.05
76380.0,50.0,0.05
76440.0,50.0,0.05
76500.0,50.0,0.05
76560.0,50.0,0.05
76620.0,50.0,0.05
76680.0,50.0,0.05
76740.0,50.0,0.05
76800.0,50.0,0.05
76860.0,50.0,0.05
76920.0,50.0,0.05
76980.0,50.0,0.05
77040.0,50.0,0.05
77100.0,50.0,0.05
77160.0,50.0,0.05
77220.0,50.0,0.05
77280.0,50.0,0.05
77340.0,50.0,0.05
77400.0,50.0,0.05
77460.0,50.0,0.05
77520.0,50.0,0.05
77580.0,50.0,0.05
77640.0,50.0,0.05
77700.0,50.0,0.05
77760.0,50.0,0.05
77820.0,50.0,0.05
77880.0,50.0,0.05
77940.0,50.0,0.05
78000.0,50.0,0.05
78060.0,50.0,0.05
78120.0,50.0,0.05
78180.0,50.0,0.05
78240.0,50.0,0.05
78300.0,50.0,0.05
78360.0,50.0,0.05
78420.0,50.0,0.05
78480.0,50.0,0.05
78540.0,50.0,0.05
78600.0,50.0,0.05
78660.0,50.0,0.05
78720.0,50.0,0.05
78780.0,50.0,0.05
78840.0,50.0,0.05
78900.0,50.0,0.05
78960.0,50.0,0.05
79020.0,50.0,0.05
79080.0,50.0,0.05
79140.0,50.0,0.05
79200.0,50.0,0.05
79260.0,50.0,0.05
79320.0,50.0,0.05
79380.0,50.0,0.05
79440.0,50.0,0.05
79500.0,50.0,0.05
79560.0,50.0,0.05
79620.0,50.0,0.05
79680.0,50.0,0.05
79740.0,50.0,0.05
79800.0,50.0,0.05
79860.0,50.0,0.05
79920.0,50.0,0.05
79980.0,50.0,0.05
80040.0,50.0,0.05
80100.0,50.0,0.05
80160.0,50.0,0.05
80220.0,50.0,0.05
80280.0,50.0,0.05
80340.0,50.0,0.05
80400.0,50.0,0.05
80460.0,50.0,0.05
80520.0,50.0,0.05
80580.0,50.0,0.05
80640.0,50.0,0.05
80700.0,50.0,0.05
80760.0,50.0,0.05
80820.0,50.0,0.05
80880.0,50.0,0.05
80940.0,50.0,0.05
81000.0,50.0,0.05
81060.0,50.0,0.05
81120.0,50.0,0.05
81180.0,50.0,0.05
81240.0,50.0,0.05
81300.0,50.0,0.05
81360.0,50.0,0.05
81420.0,50.0,0.05
81480.0,50.0,0.05
81540.0,50.0,0.05
81600.0,50.0,0.05
81660.0,50.0,0.05
81720.0,50.0,0.05
81780.0,50.0,0.05
81840.0,50.0,0.05
81900.0,50.0,0.05
81960.0,50.0,0.05
82020.0,50.0,0.05
82080.0,50.0,0.05
82140.0,50.0,0.05
82200.0,50.0,0.05
82260.0,50.0,0.05
82320.0,50.0,0.05
82380.0,50.0,0.05
82440.0,50.0,0.05
82500.0,50.0,0.05
82560.0,50.0,0.05
82620.0,50.0,0.05
82680.0,50.0,0.05
82740.0,50.0,0.05
82800.0,50.0,0.05
82860.0,50.0,0.05
82920.0,50.0,0.05
82980.0,50.0,0.05
83040.0,50.0,0.05
83100.0,50.0,0.05
83160.0,50.0,0.05
83220.0,50.0,0.05
83280.0,50.0,0.05
83340.0,50.0,0.05
83400.0,50.0,0.05
83460.0,50.0,0.05
83520.0,50.0,0.05
83580.0,50.0,0.05
83640.0,50.0,0.05
83700.0,50.0,0.05
83760.0,50.0,0.05
83820.0,50.0,0.05
83880.0,50.0,0.05
83940.0,50.0,0.05
84000.0,50.0,0.05
84060.0,50.0,0.05
84120.0,50.0,0.05
84180.0,50.0,0.05
84240.0,50.0,0.05
84300.0,50.0,0.05
84360.0,50.0,0.05
84420.0,50.0,0.05
84480.0,50.0,0.05
84540.0,50.0,0.05
84600.0,50.0,0.05
84660.0,50.0,0.05
84720.0,50.0,0.05
84780.0,50.0,0.05
84840.0,50.0,0.05
84900.0,50.0,0.05
84960.0,50.0,0.05
85020.0,50.0,0.05
85080.0,50.0,0.05
85140.0,50.0,0.05
85200.0,50.0,0.05
85260.0,50.0,0.05
85320.0,50.0,0.05
85380.0,50.0,0.05
85440.0,50.0,0.05
85500.0,50.0,0.05
85560.0,50.0,0.05
85620.0,50.0,0.05
85680.0,50.0,0.05
85740.0,50.0,0.05
85800.0,50.0,0.05
85860.0,50.0,0.05
85920.0,50.0,0.05
85980.0,50.0,0.05
86040.0,50.0,0.05
86100.0,50.0,0.05
86160.0,50.0,0.05
86220.0,50.0,0.05
86280.0,50.0,0.05
86340.0,50.0,0.05
86400.0,50.0,0.05
86460.0,50.0,0.05
86520.0,50.0,0.05
86580.0,50.0,0.05
86640.0,50.0,0.05
86700.0,50.0,0.05
86760.0,50.0,0.05
86820.0,50.0,0.05
86880.0,50.0,0.05
86940.0,50.0,0.05
87000.0,50.0,0.05
87060.0,50.0,0.05
87120.0,50.0,0.05
87180.0,50.0,0.05
87240.0,50.0,0.05
87300.0,50.0,0.05
87360.0,50.0,0.05
87420.0,50.0,0.05
87480.0,50.0,0.05
87540.0,50.0,0.05
87600.0,50.0,0.05
87660.0,50.0,0.05
87720.0,50.0,0.05
87780.0,50.0,0.05
87840.0,50.0,0.05
87900.0,50.0,0.05
87960.0,50.0,0.05
88020.0,50.0,0.05
88080.0,50.0,0.05
88140.0,50.0,0.05
88200.0,50.0,0.05
88260.0,50.0,0.05
88320.0,50.0,0.05
88380.0,50.0,0.05
88440.0,50.0,0.05
88500.0,50.0,0.05
88560.0,50.0,0.05
88620.0,50.0,0.05
88680.0,50.0,0.05
88740.0,50.0,0.05
88800.0,50.0,0.05
88860.0,50.0,0.05
88920.0,50.0,0.05
88980.0,50.0,0.05
89040.0,50.0,0.05
89100.0,50.0,0.05
89160.0,50.0,0.05
89220.0,50.0,0.05
89280.0,50.0,0.05
89340.0,50.0,0.05
89400.0,50.0,0.05
89460.0,50.0,0.05
89520.0,50.0,0.05
89580.0,50.0,0.05
89640.0,50.0,0.05
89700.0,50.0,0.05
89760.0,50.0,0.05
89820.0,50.0,0.05
89880.0,50.0,0.05
89940.0,50.0,0.05
90000.0,50.0,0.05
90060.0,50.0,0.05
90120.0,50.0,0.05
90180.0,50.0,0.05
90240.0,50.0,0.05
90300.0,50.0,0.05
90360.0,50.0,0.05
90420.0,50.0,0.05
90480.0,50.0,0.05
90540.0,50.0,0.05
90600.0,50.0,0.05
90660.0,50.0,0.05
90720.0,50.0,0.05
90780.0,50.0,0.05
90840.0,50.0,0.05
90900.0,50.0,0.05
90960.0,50.0,0.05
91020.0,50.0,0.05
91080.0,50.0,0.05
91140.0,50.0,0.05
91200.0,50.0,0.05
91260.0,50.0,0.05
91320.0,50.0,0.05
91380.0,50.0,0.05
91440.0,50.0,0.05
91500.0,50.0,0.05
91560.0,50.0,0.05
91620.0,50.0,0.05
91680.0,50.0,0.05
91740.0,50.0,0.05
91800.0,50.0,0.05
91860.0,50.0,0.05
91920.0,50.0,0.05
91980.0,50.0,0.05
92040.0,50.0,0.05
92100.0,50.0,0.05
92160.0,50.0,0.05
92220.0,50.0,0.05
92280.0,50.0,0.05
92340.0,50.0,0.05
92400.0,50.0,0.05
92460.0,50.0,0.05
92520.0,50.0,0.05
92580.0,50.0,0.05
92640.0,50.0,0.05
92700.0,50.0,0.05
92760.0,50.0,0.05
92820.0,50.0,0.05
92880.0,50.0,0.05
92940.0,50.0,0.05
93000.0,50.0,0.05
93060.0,50.0,0.05
93120.0,50.0,0.05
93180.0,50.0,0.05
93240.0,50.0,0.05
93300.0,50.0,0.05
93360.0,50.0,0.05
93420.0,50.0,0.05
93480.0,50.0,0.05
93540.0,50.0,0.05
93600.0,50.0,0.05
93660.0,50.0,0.05
93720.0,50.0,0.05
93780.0,50.0,0.05
93840.0,50.0,0.05
93900.0,50.0,0.05
93960.0,50.0,0.05
94020.0,50.0,0.05
94080.0,50.0,0.05
94140.0,50.0,0.05
94200.0,50.0,0.05
94260.0,50.0,0.05
94320.0,50.0,0.05
94380.0,50.0,0.05
94440.0,50.0,0.05
94500.0,50.0,0.05
94560.0,50.0,0.05
94620.0,50.0,0.05
94680.0,50.0,0.05
94740.0,50.0,0.05
94800.0,50.0,0.05
94860.0,50.0,0.05
94920.0,50.0,0.05
94980.0,50.0,0.05
95040.0,50.0,0.05
95100.0,50.0,0.05
95160.0,50.0,0.05
95220.0,50.0,0.05
95280.0,50.0,0.05
95340.0,50.0,0.05
95400.0,50.0,0.05
95460.0,50.0,0.05
95520.0,50.0,0.05
95580.0,50.0,0.05
95640.0,50.0,0.05
95700.0,50.0,0.05
95760.0,50.0,0.05
95820.0,50.0,0.05
95880.0,50.0,0.05
95940.0,50.0,0.05
96000.0,50.0,0.05
96060.0,50.0,0.05
96120.0,50.0,0.05
96180.0,50.0,0.05
96240.0,50.0,0.05
96300.0,50.0,0.05
96360.0,50.0,0.05
96420.0,50.0,0.05
96480.0,50.0,0.05
96540.0,50.0,0.05
96600.0,50.0,0.05
96660.0,50.0,0.05
96720.0,50.0,0.05
96780.0,50.0,0.05
96840.0,50.0,0.05
96900.0,50.0,0.05
96960.0,50.0,0.05
97020.0,50.0,0.05
97080.0,50.0,0.05
97140.0,50.0,0.05
97200.0,50.0,0.05
97260.0,50.0,0.05
97320.0,50.0,0.05
97380.0,50.0,0.05
97440.0,50.0,0.05
97500.0,50.0,0.05
97560.0,50.0,0.05
97620.0,50.0,0.05
97680.0,50.0,0.05
97740.0,50.0,0.05
97800.0,50.0,0.05
97860.0,50.0,0.05
97920.0,50.0,0.05
97980.0,50.0,0.05
98040.0,50.0,0.05
98100.0,50.0,0.05
98160.0,50.0,0.05
98220.0,50.0,0.05
98280.0,50.0,0.05
98340.0,50.0,0.05
98400.0,50.0,0.05
98460.0,50.0,0.05
98520.0,50.0,0.05
98580.0,50.0,0.05
98640.0,50.0,0.05
98700.0,50.0,0.05
98760.0,50.0,0.05
98820.0,50.0,0.05
98880.0,50.0,0.05
98940.0,50.0,0.05
99000.0,50.0,0.05
99060.0,50.0,0.05
99120.0,50.0,0.05
99180.0,50.0,0.05
99240.0,50.0,0.05
99300.0,50.0,0.05
99360.0,50.0,0.05
99420.0,50.0,0.05
99480.0,50.0,0.05
99540.0,50.0,0.05
99600.0,50.0,0.05
99660.0,50.0,0.05
99720.0,50.0,0.05
99780.0,50.0,0.05
99840.0,50.0,0.05
99900.0,50.0,0.05
99960.0,50.0,0.05
100020.0,50.0,0.05
100080.0,50.0,0.05
100140.0,50.0,0.05
100200.0,50.0,0.05
100260.0,50.0,0.05
100320.0,50.0,0.05
100380.0,50.0,0.05
100440.0,50.0,0.05
100500.0,50.0,0.05
100560.0,50.0,0.05
100620.0,50.0,0.05
100680.0,50.0,0.05
100740.0,50.0,0.05
100800.0,50.0,0.05
100860.0,50.0,0.05
100920.0,50.0,0.05
100980.0,50.0,0.05
101040.0,50.0,0.05
101100.0,50.0,0.05
101160.0,50.0,0.05
101220.0,50.0,0.05
101280.0,50.0,0.05
101340.0,50.0,0.05
101400.0,50.0,0.05
101460.0,50.0,0.05
101520.0,50.0,0.05
101580.0,50.0,0.05
101640.0,50.0,0.05
101700.0,50.0,0.05
101760.0,50.0,0.05
101820.0,50.0,0.05
101880.0,50.0,0.05
101940.0,50.0,0.05
102000.0,50.0,0.05
102060.0,50.0,0.05
102120.0,50.0,0.05
102180.0,50.0,0.05
102240.0,50.0,0.05
102300.0,50.0,0.05
102360.0,50.0,0.05
102420.0,50.0,0.05
102480.0,50.0,0.05
102540.0,50.0,0.05
102600.0,50.0,0.05
102660.0,50.0,0.05
102720.0,50.0,0.05
102780.0,50.0,0.05
102840.0,50.0,0.05
102900.0,50.0,0.05
102960.0,50.0,0.05
103020.0,50.0,0.05
103080.0,50.0,0.05
103140.0,50.0,0.05
103200.0,50.0,0.05
103260.0,50.0,0.05
103320.0,50.0,0.05
103380.0,50.0,0.05
103440.0,50.0,0.05
103500.0,50.0,0.05
103560.0,50.0,0.05
103620.0,50.0,0.05
103680.0,50.0,0.05
103740.0,50.0,0.05
103800.0,50.0,0.05
103860.0,50.0,0.05
103920.0,50.0,0.05
103980.0,50.0,0.05
104040.0,50.0,0.05
104100.0,50.0,0.05
104160.0,50.0,0.05
104220.0,50.0,0.05
104280.0,50.0,0.05
104340.0,50.0,0.05
104400.0,50.0,0.05
104460.0,50.0,0.05
104520.0,50.0,0.05
104580.0,50.0,0.05
104640.0,50.0,0.05
104700.0,50.0,0.05
104760.0,50.0,0.05
104820.0,50.0,0.05
104880.0,50.0,0.05
104940.0,50.0,0.05
105000.0,50.0,0.05
105060.0,50.0,0.05
105120.0,50.0,0.05
105180.0,50.0,0.05
105240.0,50.0,0.05
105300.0,50.0,0.05
105360.0,50.0,0.05
105420.0,50.0,0.05
105480.0,50.0,0.05
105540.0,50.0,0.05
105600.0,50.0,0.05
105660.0,50.0,0.05
105720.0,50.0,0.05
105780.0,50.0,0.05
105840.0,50.0,0.05
105900.0,50.0,0.05
105960.0,50.0,0.05
106020.0,50.0,0.05
106080.0,50.0,0.05
106140.0,50.0,0.05
106200.0,50.0,0.05
106260.0,50.0,0.05
106320.0,50.0,0.05
106380.0,50.0,0.05
106440.0,50.0,0.05
106500.0,50.0,0.05
106560.0,50.0,0.05
106620.0,50.0,0.05
106680.0,50.0,0.05
106740.0,50.0,0.05
106800.0,50.0,0.05
106860.0,50.0,0.05
106920.0,50.0,0.05
106980.0,50.0,0.05
107040.0,50.0,0.05
107100.0,50.0,0.05
107160.0,50.0,0.05
107220.0,50.0,0.05
107280.0,50.0,0.05
107340.0,50.0,0.05
107400.0,50.0,0.05
107460.0,50.0,0.05
107520.0,50.0,0.05
107580.0,50.0,0.05
107640.0,50.0,0.05
107700.0,50.0,0.05
107760.0,50.0,0.05
107820.0,50.0,0.05
107880.0,50.0,0.05
107940.0,50.0,0.05
108000.0,50.0,0.05
108060.0,50.0,0.05
108120.0,50.0,0.05
108180.0,50.0,0.05
108240.0,50.0,0.05
108300.0,50.0,0.05
108360.0,50.0,0.05
108420.0,50.0,0.05
108480.0,50.0,0.05
108540.0,50.0,0.05
108600.0,50.0,0.05
108660.0,50.0,0.05
108720.0,50.0,0.05
108780.0,50.0,0.05
108840.0,50.0,0.05
108900.0,50.0,0.05
108960.0,50.0,0.05
109020.0,50.0,0.05
109080.0,50.0,0.05
109140.0,50.0,0.05
109200.0,50.0,0.05
109260.0,50.0,0.05
109320.0,50.0,0.05
109380.0,50.0,0.05
109440.0,50.0,0.05
109500.0,50.0,0.05
109560.0,50.0,0.05
109620.0,50.0,0.05
109680.0,50.0,0.05
109740.0,50.0,0.05
109800.0,50.0,0.05
109860.0,50.0,0.05
109920.0,50.0,0.05
109980.0,50.0,0.05
110040.0,50.0,0.05
110100.0,50.0,0.05
110160.0,50.0,0.05
110220.0,50.0,0.05
110280.0,50.0,0.05
110340.0,50.0,0.05
110400.0,50.0,0.05
110460.0,50.0,0.05
110520.0,50.0,0.05
110580.0,50.0,0.05
110640.0,50.0,0.05
110700.0,50.0,0.05
110760.0,50.0,0.05
110820.0,50.0,0.05
110880.0,50.0,0.05
110940.0,50.0,0.05
111000.0,50.0,0.05
111060.0,50.0,0.05
111120.0,50.0,0.05
111180.0,50.0,0.05
111240.0,50.0,0.05
111300.0,50.0,0.05
111360.0,50.0,0.05
111420.0,50.0,0.05
111480.0,50.0,0.05
111540.0,50.0,0.05
111600.0,50.0,0.05
111660.0,50.0,0.05
111720.0,50.0,0.05
111780.0,50.0,0.05
111840.0,50.0,0.05
111900.0,50.0,0.05
111960.0,50.0,0.05
112020.0,50.0,0.05
112080.0,50.0,0.05
112140.0,50.0,0.05
112200.0,50.0,0.05
112260.0,50.0,0.05
112320.0,50.0,0.05
112380.0,50.0,0.05
112440.0,50.0,0.05
112500.0,50.0,0.05
112560.0,50.0,0.05
112620.0,50.0,0.05
112680.0,50.0,0.05
112740.0,50.0,0.05
112800.0,50.0,0.05
112860.0,50.0,0.05
112920.0,50.0,0.05
112980.0,50.0,0.05
113040.0,50.0,0.05
113100.0,50.0,0.05
113160.0,50.0,0.05
113220.0,50.0,0.05
113280.0,50.0,0.05
113340.0,50.0,0.05
113400.0,50.0,0.05
113460.0,50.0,0.05
113520.0,50.0,0.05
113580.0,50.0,0.05
113640.0,50.0,0.05
113700.0,50.0,0.05
113760.0,50.0,0.05
113820.0,50.0,0.05
113880.0,50.0,0.05
113940.0,50.0,0.05
114000.0,50.0,0.05
114060.0,50.0,0.05
114120.0,50.0,0.05
114180.0,50.0,0.05
114240.0,50.0,0.05
114300.0,50.0,0.05
114360.0,50.0,0.05
114420.0,50.0,0.05
114480.0,50.0,0.05
114540.0,50.0,0.05
114600.0,50.0,0.05
114660.0,50.0,0.05
114720.0,50.0,0.05
114780.0,50.0,0.05
114840.0,50.0,0.05
114900.0,50.0,0.05
114960.0,50.0,0.05
115020.0,50.0,0.05
115080.0,50.0,0.05
115140.0,50.0,0.05
115200.0,50.0,0.05
115260.0,50.0,0.05
115320.0,50.0,0.05
115380.0,50.0,0.05
115440.0,50.0,0.05
115500.0,50.0,0.05
115560.0,50.0,0.05
115620.0,50.0,0.05
115680.0,50.0,0.05
115740.0,50.0,0.05
115800.0,50.0,0.05
115860.0,50.0,0.05
115920.0,50.0,0.05
115980.0,50.0,0.05
116040.0,50.0,0.05
116100.0,50.0,0.05
116160.0,50.0,0.05
116220.0,50.0,0.05
116280.0,50.0,0.05
116340.0,50.0,0.05
116400.0,50.0,0.05
116460.0,50.0,0.05
116520.0,50.0,0.05
116580.0,50.0,0.05
116640.0,50.0,0.05
116700.0,50.0,0.05
116760.0,50.0,0.05
116820.0,50.0,0.05
116880.0,50.0,0.05
116940.0,50.0,0.05
117000.0,50.0,0.05
117060.0,50.0,0.05
117120.0,50.0,0.05
117180.0,50.0,0.05
117240.0,50.0,0.05
117300.0,50.0,0.05
117360.0,50.0,0.05
117420.0,50.0,0.05
117480.0,50.0,0.05
117540.0,50.0,0.05
117600.0,50.0,0.05
117660.0,50.0,0.05
117720.0,50.0,0.05
117780.0,50.0,0.05
117840.0,50.0,0.05
117900.0,50.0,0.05
117960.0,50.0,0.05
118020.0,50.0,0.05
118080.0,50.0,0.05
118140.0,50.0,0.05
118200.0,50.0,0.05
118260.0,50.0,0.05
118320.0,50.0,0.05
118380.0,50.0,0.05
118440.0,50.0,0.05
118500.0,50.0,0.05
118560.0,50.0,0.05
118620.0,50.0,0.05
118680.0,50.0,0.05
118740.0,50.0,0.05
118800.0,50.0,0.05
118860.0,50.0,0.05
118920.0,50.0,0.05
118980.0,50.0,0.05
119040.0,50.0,0.05
119100.0,50.0,0.05
119160.0,50.0,0.05
119220.0,50.0,0.05
119280.0,50.0,0.05
119340.0,50.0,0.05
119400.0,50.0,0.05
119460.0,50.0,0.05
119520.0,50.0,0.05
119580.0,50.0,0.05
119640.0,50.0,0.05
119700.0,50.0,0.05
119760.0,50.0,0.05
119820.0,50.0,0.05
119880.0,50.0,0.05
119940.0,50.0,0.05
120000.0,50.0,0.05
120060.0,50.0,0.05
120120.0,50.0,0.05
120180.0,50.0,0.05
120240.0,50.0,0.05
120300.0,50.0,0.05
120360.0,50.0,0.05
120420.0,50.0,0.05
120480.0,50.0,0.05
120540.0,50.0,0.05
120600.0,50.0,0.05
120660.0,50.0,0.05
120720.0,50.0,0.05
120780.0,50.0,0.05
120840.0,50.0,0.05
120900.0,50.0,0.05
120960.0,50.0,0.05
121020.0,50.0,0.05
121080.0,50.0,0.05
121140.0,50.0,0.05
121200.0,50.0,0.05
121260.0,50.0,0.05
121320.0,50.0,0.05
121380.0,50.0,0.05
121440.0,50.0,0.05
121500.0,50.0,0.05
121560.0,50.0,0.05
121620.0,50.0,0.05
121680.0,50.0,0.05
121740.0,50.0,0.05
121800.0,50.0,0.05
121860.0,50.0,0.05
121920.0,50.0,0.05
121980.0,50.0,0.05
122040.0,50.0,0.05
122100.0,50.0,0.05
122160.0,50.0,0.05
122220.0,50.0,0.05
122280.0,50.0,0.05
122340.0,50.0,0.05
122400.0,50.0,0.05
122460.0,50.0,0.05
122520.0,50.0,0.05
122580.0,50.0,0.05
122640.0,50.0,0.05
122700.0,50.0,0.05
122760.0,50.0,0.05
122820.0,50.0,0.05
122880.0,50.0,0.05
122940.0,50.0,0.05
123000.0,50.0,0.05
123060.0,50.0,0.05
123120.0,50.0,0.05
123180.0,50.0,0.05
123240.0,50.0,0.05
123300.0,50.0,0.05
123360.0,50.0,0.05
123420.0,50.0,0.05
123480.0,50.0,0.05
123540.0,50.0,0.05
123600.0,50.0,0.05
123660.0,50.0,0.05
123720.0,50.0,0.05
123780.0,50.0,0.05
123840.0,50.0,0.05
123900.0,50.0,0.05
123960.0,50.0,0.05
124020.0,50.0,0.05
124080.0,50.0,0.05
124140.0,50.0,0.05
124200.0,50.0,0.05
124260.0,50.0,0.05
124320.0,50.0,0.05
124380.0,50.0,0.05
124440.0,50.0,0.05
124500.0,50.0,0.05
124560.0,50.0,0.05
124620.0,50.0,0.05
124680.0,50.0,0.05
124740.0,50.0,0.05
124800.0,50.0,0.05
124860.0,50.0,0.05
124920.0,50.0,0.05
124980.0,50.0,0.05
125040.0,50.0,0.05
125100.0,50.0,0.05
125160.0,50.0,0.05
125220.0,50.0,0.05
125280.0,50.0,0.05
125340.0,50.0,0.05
125400.0,50.0,0.05
125460.0,50.0,0.05
125520.0,50.0,0.05
125580.0,50.0,0.05
125640.0,50.0,0.05
125700.0,50.0,0.05
125760.0,50.0,0.05
125820.0,50.0,0.05
125880.0,50.0,0.05
125940.0,50.0,0.05
126000.0,50.0,0.05
126060.0,50.0,0.05
126120.0,50.0,0.05
126180.0,50.0,0.05
126240.0,50.0,0.05
126300.0,50.0,0.05
126360.0,50.0,0.05
126420.0,50.0,0.05
126480.0,50.0,0.05
126540.0,50.0,0.05
126600.0,50.0,0.05
126660.0,50.0,0.05
126720.0,50.0,0.05
126780.0,50.0,0.05
126840.0,50.0,0.05
126900.0,50.0,0.05
126960.0,50.0,0.05
127020.0,50.0,0.05
127080.0,50.0,0.05
127140.0,50.0,0.05
127200.0,50.0,0.05
127260.0,50.0,0.05
127320.0,50.0,0.05
127380.0,50.0,0.05
127440.0,50.0,0.05
127500.0,50.0,0.05
127560.0,50.0,0.05
127620.0,50.0,0.05
127680.0,50.0,0.05
127740.0,50.0,0.05
127800.0,50.0,0.05
127860.0,50.0,0.05
127920.0,50.0,0.05
127980.0,50.0,0.05
128040.0,50.0,0.05
128100.0,50.0,0.05
128160.0,50.0,0.05
128220.0,50.0,0.05
128280.0,50.0,0.05
128340.0,50.0,0.05
128400.0,50.0,0.05
128460.0,50.0,0.05
128520.0,50.0,0.05
128580.0,50.0,0.05
128640.0,50.0,0.05
128700.0,50.0,0.05
128760.0,50.0,0.05
128820.0,50.0,0.05
128880.0,50.0,0.05
128940.0,50.0,0.05
129000.0,50.0,0.05
129060.0,50.0,0.05
129120.0,50.0,0.05
129180.0,50.0,0.05
129240.0,50.0,0.05
129300.0,50.0,0.05
129360.0,50.0,0.05
129420.0,50.0,0.05
129480.0,50.0,0.05
129540.0,50.0,0.05
129600.0,50.0,0.05
129660.0,50.0,0.05
129720.0,50.0,0.05
129780.0,50.0,0.05
129840.0,50.0,0.05
129900.0,50.0,0.05
129960.0,50.0,0.05
130020.0,50.0,0.05
130080.0,50.0,0.05
130140.0,50.0,0.05
130200.0,50.0,0.05
130260.0,50.0,0.05
130320.0,50.0,0.05
130380.0,50.0,0.05
130440.0,50.0,0.05
130500.0,50.0,0.05
130560.0,50.0,0.05
130620.0,50.0,0.05
130680.0,50.0,0.05
130740.0,50.0,0.05
130800.0,50.0,0.05
130860.0,50.0,0.05
130920.0,50.0,0.05
130980.0,50.0,0.05
131040.0,50.0,0.05
131100.0,50.0,0.05
131160.0,50.0,0.05
131220.0,50.0,0.05
131280.0,50.0,0.05
131340.0,50.0,0.05
131400.0,50.0,0.05
131460.0,50.0,0.05
131520.0,50.0,0.05
131580.0,50.0,0.05
131640.0,50.0,0.05
131700.0,50.0,0.05
131760.0,50.0,0.05
131820.0,50.0,0.05
131880.0,50.0,0.05
131940.0,50.0,0.05
132000.0,50.0,0.05
132060.0,50.0,0.05
132120.0,50.0,0.05
132180.0,50.0,0.05
132240.0,50.0,0.05
132300.0,50.0,0.05
132360.0,50.0,0.05
132420.0,50.0,0.05
132480.0,50.0,0.05
132540.0,50.0,0.05
132600.0,50.0,0.05
132660.0,50.0,0.05
132720.0,50.0,0.05
132780.0,50.0,0.05
132840.0,50.0,0.05
132900.0,50.0,0.05
132960.0,50.0,0.05
133020.0,50.0,0.05
133080.0,50.0,0.05
133140.0,50.0,0.05
133200.0,50.0,0.05
133260.0,50.0,0.05
133320.0,50.0,0.05
133380.0,50.0,0.05
133440.0,50.0,0.05
133500.0,50.0,0.05
133560.0,50.0,0.05
133620.0,50.0,0.05
133680.0,50.0,0.05
133740.0,50.0,0.05
133800.0,50.0,0.05
133860.0,50.0,0.05
133920.0,50.0,0.05
133980.0,50.0,0.05
134040.0,50.0,0.05
134100.0,50.0,0.05
134160.0,50.0,0.05
134220.0,50.0,0.05
134280.0,50.0,0.05
134340.0,50.0,0.05
134400.0,50.0,0.05
134460.0,50.0,0.05
134520.0,50.0,0.05
134580.0,50.0,0.05
134640.0,50.0,0.05
134700.0,50.0,0.05
134760.0,50.0,0.05
134820.0,50.0,0.05
134880.0,50.0,0.05
134940.0,50.0,0.05
135000.0,50.0,0.05
135060.0,50.0,0.05
135120.0,50.0,0.05
135180.0,50.0,0.05
135240.0,50.0,0.05
135300.0,50.0,0.05
135360.0,50.0,0.05
135420.0,50.0,0.05
135480.0,50.0,0.05
135540.0,50.0,0.05
135600.0,50.0,0.05
135660.0,50.0,0.05
135720.0,50.0,0.05
135780.0,50.0,0.05
135840.0,50.0,0.05
135900.0,50.0,0.05
135960.0,50.0,0.05
136020.0,50.0,0.05
136080.0,50.0,0.05
136140.0,50.0,0.05
136200.0,50.0,0.05
136260.0,50.0,0.05
136320.0,50.0,0.05
136380.0,50.0,0.05
136440.0,50.0,0.05
136500.0,50.0,0.05
136560.0,50.0,0.05
136620.0,50.0,0.05
136680.0,50.0,0.05
136740.0,50.0,0.05
136800.0,50.0,0.05
136860.0,50.0,0.05
136920.0,50.0,0.05
136980.0,50.0,0.05
137040.0,50.0,0.05
137100.0,50.0,0.05
137160.0,50.0,0.05
137220.0,50.0,0.05
137280.0,50.0,0.05
137340.0,50.0,0.05
137400.0,50.0,0.05
137460.0,50.0,0.05
137520.0,50.0,0.05
137580.0,50.0,0.05
137640.0,50.0,0.05
137700.0,50.0,0.05
137760.0,50.0,0.05
137820.0,50.0,0.05
137880.0,50.0,0.05
137940.0,50.0,0.05
138000.0,50.0,0.05
138060.0,50.0,0.05
138120.0,50.0,0.05
138180.0,50.0,0.05
138240.0,50.0,0.05
138300.0,50.0,0.05
138360.0,50.0,0.05
138420.0,50.0,0.05
138480.0,50.0,0.05
138540.0,50.0,0.05
138600.0,50.0,0.05
138660.0,50.0,0.05
138720.0,50.0,0.05
138780.0,50.0,0.05
138840.0,50.0,0.05
138900.0,50.0,0.05
138960.0,50.0,0.05
139020.0,50.0,0.05
139080.0,50.0,0.05
139140.0,50.0,0.05
139200.0,50.0,0.05
139260.0,50.0,0.05
139320.0,50.0,0.05
139380.0,50.0,0.05
139440.0,50.0,0.05
139500.0,50.0,0.05
139560.0,50.0,0.05
139620.0,50.0,0.05
139680.0,50.0,0.05
139740.0,50.0,0.05
139800.0,50.0,0.05
139860.0,50.0,0.05
139920.0,50.0,0.05
139980.0,50.0,0.05
140040.0,50.0,0.05
140100.0,50.0,0.05
140160.0,50.0,0.05
140220.0,50.0,0.05
140280.0,50.0,0.05
140340.0,50.0,0.05
140400.0,50.0,0.05
140460.0,50.0,0.05
140520.0,50.0,0.05
140580.0,50.0,0.05
140640.0,50.0,0.05
140700.0,50.0,0.05
140760.0,50.0,0.05
140820.0,50.0,0.05
140880.0,50.0,0.05
140940.0,50.0,0.05
141000.0,50.0,0.05
141060.0,50.0,0.05
141120.0,50.0,0.05
141180.0,50.0,0.05
141240.0,50.0,0.05
141300.0,50.0,0.05
141360.0,50.0,0.05
141420.0,50.0,0.05
141480.0,50.0,0.05
141540.0,50.0,0.05
141600.0,50.0,0.05
141660.0,50.0,0.05
141720.0,50.0,0.05
141780.0,50.0,0.05
141840.0,50.0,0.05
141900.0,50.0,0.05
141960.0,50.0,0.05
142020.0,50.0,0.05
142080.0,50.0,0.05
142140.0,50.0,0.05
142200.0,50.0,0.05
142260.0,50.0,0.05
142320.0,50.0,0.05
142380.0,50.0,0.05
142440.0,50.0,0.05
142500.0,50.0,0.05
142560.0,50.0,0.05
142620.0,50.0,0.05
142680.0,50.0,0.05
142740.0,50.0,0.05
142800.0,50.0,0.05
142860.0,50.0,0.05
142920.0,50.0,0.05
142980.0,50.0,0.05
143040.0,50.0,0.05
143100.0,50.0,0.05
143160.0,50.0,0.05
143220.0,50.0,0.05
143280.0,50.0,0.05
143340.0,50.0,0.05
143400.0,50.0,0.05
143460.0,50.0,0.05
143520.0,50.0,0.05
143580.0,50.0,0.05
143640.0,50.0,0.05
143700.0,50.0,0.05
143760.0,50.0,0.05
143820.0,50.0,0.05
143880.0,50.0,0.05
143940.0,50.0,0.05
144000.0,50.0,0.05
144060.0,50.0,0.05
144120.0,50.0,0.05
144180.0,50.0,0.05
144240.0,50.0,0.05
144300.0,50.0,0.05
144360.0,50.0,0.05
144420.0,50.0,0.05
144480.0,50.0,0.05
144540.0,50.0,0.05
144600.0,50.0,0.05
144660.0,50.0,0.05
144720.0,50.0,0.05
144780.0,50.0,0.05
144840.0,50.0,0.05
144900.0,50.0,0.05
144960.0,50.0,0.05
145020.0,50.0,0.05
145080.0,50.0,0.05
145140.0,50.0,0.05
145200.0,50.0,0.05
145260.0,50.0,0.05
145320.0,50.0,0.05
145380.0,50.0,0.05
145440.0,50.0,0.05
145500.0,50.0,0.05
145560.0,50.0,0.05
145620.0,50.0,0.05
145680.0,50.0,0.05
145740.0,50.0,0.05
145800.0,50.0,0.05
145860.0,50.0,0.05
145920.0,50.0,0.05
145980.0,50.0,0.05
146040.0,50.0,0.05
146100.0,50.0,0.05
146160.0,50.0,0.05
146220.0,50.0,0.05
146280.0,50.0,0.05
146340.0,50.0,0.05
146400.0,50.0,0.05
146460.0,50.0,0.05
146520.0,50.0,0.05
146580.0,50.0,0.05
146640.0,50.0,0.05
146700.0,50.0,0.05
146760.0,50.0,0.05
146820.0,50.0,0.05
146880.0,50.0,0.05
146940.0,50.0,0.05
147000.0,50.0,0.05
147060.0,50.0,0.05
147120.0,50.0,0.05
147180.0,50.0,0.05
147240.0,50.0,0.05
147300.0,50.0,0.05
147360.0,50.0,0.05
147420.0,50.0,0.05
147480.0,50.0,0.05
147540.0,50.0,0.05
147600.0,50.0,0.05
147660.0,50.0,0.05
147720.0,50.0,0.05
147780.0,50.0,0.05
147840.0,50.0,0.05
147900.0,50.0,0.05
147960.0,50.0,0.05
148020.0,50.0,0.05
148080.0,50.0,0.05
148140.0,50.0,0.05
148200.0,50.0,0.05
148260.0,50.0,0.05
148320.0,50.0,0.05
148380.0,50.0,0.05
148440.0,50.0,0.05
148500.0,50.0,0.05
148560.0,50.0,0.05
148620.0,50.0,0.05
148680.0,50.0,0.05
148740.0,50.0,0.05
148800.0,50.0,0.05
148860.0,50.0,0.05
148920.0,50.0,0.05
148980.0,50.0,0.05
149040.0,50.0,0.05
149100.0,50.0,0.05
149160.0,50.0,0.05
149220.0,50.0,0.05
149280.0,50.0,0.05
149340.0,50.0,0.05
149400.0,50.0,0.05
149460.0,50.0,0.05
149520.0,50.0,0.05
149580.0,50.0,0.05
149640.0,50.0,0.05
149700.0,50.0,0.05
149760.0,50.0,0.05
149820.0,50.0,0.05
149880.0,50.0,0.05
149940.0,50.0,0.05
150000.0,50.0,0.05
150060.0,50.0,0.05
150120.0,50.0,0.05
150180.0,50.0,0.05
150240.0,50.0,0.05
150300.0,50.0,0.05
150360.0,50.0,0.05
150420.0,50.0,0.05
150480.0,50.0,0.05
150540.0,50.0,0.05
150600.0,50.0,0.05
150660.0,50.0,0.05
150720.0,50.0,0.05
150780.0,50.0,0.05
150840.0,50.0,0.05
150900.0,50.0,0.05
150960.0,50.0,0.05
151020.0,50.0,0.05
151080.0,50.0,0.05
151140.0,50.0,0.05
151200.0,50.0,0.05
151260.0,50.0,0.05
151320.0,50.0,0.05
151380.0,50.0,0.05
151440.0,50.0,0.05
151500.0,50.0,0.05
151560.0,50.0,0.05
151620.0,50.0,0.05
151680.0,50.0,0.05
151740.0,50.0,0.05
151800.0,50.0,0.05
151860.0,50.0,0.05
151920.0,50.0,0.05
151980.0,50.0,0.05
152040.0,50.0,0.05
152100.0,50.0,0.05
152160.0,50.0,0.05
152220.0,50.0,0.05
152280.0,50.0,0.05
152340.0,50.0,0.05
152400.0,50.0,0.05
152460.0,50.0,0.05
152520.0,50.0,0.05
152580.0,50.0,0.05
152640.0,50.0,0.05
152700.0,50.0,0.05
152760.0,50.0,0.05
152820.0,50.0,0.05
152880.0,50.0,0.05
152940.0,50.0,0.05
153000.0,50.0,0.05
153060.0,50.0,0.05
153120.0,50.0,0.05
153180.0,50.0,0.05
153240.0,50.0,0.05
153300.0,50.0,0.05
153360.0,50.0,0.05
153420.0,50.0,0.05
153480.0,50.0,0.05
153540.0,50.0,0.05
153600.0,50.0,0.05
153660.0,50.0,0.05
153720.0,50.0,0.05
153780.0,50.0,0.05
153840.0,50.0,0.05
153900.0,50.0,0.05
153960.0,50.0,0.05
154020.0,50.0,0.05
154080.0,50.0,0.05
154140.0,50.0,0.05
154200.0,50.0,0.05
154260.0,50.0,0.05
154320.0,50.0,0.05
154380.0,50.0,0.05
154440.0,50.0,0.05
154500.0,50.0,0.05
154560.0,50.0,0.05
154620.0,50.0,0.05
154680.0,50.0,0.05
154740.0,50.0,0.05
154800.0,50.0,0.05
154860.0,50.0,0.05
154920.0,50.0,0.05
154980.0,50.0,0.05
155040.0,50.0,0.05
155100.0,50.0,0.05
155160.0,50.0,0.05
155220.0,50.0,0.05
155280.0,50.0,0.05
155340.0,50.0,0.05
155400.0,50.0,0.05
155460.0,50.0,0.05
155520.0,50.0,0.05
155580.0,50.0,0.05
155640.0,50.0,0.05
155700.0,50.0,0.05
155760.0,50.0,0.05
155820.0,50.0,0.05
155880.0,50.0,0.05
155940.0,50.0,0.05
156000.0,50.0,0.05
156060.0,50.0,0.05
156120.0,50.0,0.05
156180.0,50.0,0.05
156240.0,50.0,0.05
156300.0,50.0,0.05
156360.0,50.0,0.05
156420.0,50.0,0.05
156480.0,50.0,0.05
156540.0,50.0,0.05
156600.0,50.0,0.05
156660.0,50.0,0.05
156720.0,50.0,0.05
156780.0,50.0,0.05
156840.0,50.0,0.05
156900.0,50.0,0.05
156960.0,50.0,0.05
157020.0,50.0,0.05
157080.0,50.0,0.05
157140.0,50.0,0.05
157200.0,50.0,0.05
157260.0,50.0,0.05
157320.0,50.0,0.05
157380.0,50.0,0.05
157440.0,50.0,0.05
157500.0,50.0,0.05
157560.0,50.0,0.05
157620.0,50.0,0.05
157680.0,50.0,0.05
157740.0,50.0,0.05
157800.0,50.0,0.05
157860.0,50.0,0.05
157920.0,50.0,0.05
157980.0,50.0,0.05
158040.0,50.0,0.05
158100.0,50.0,0.05
158160.0,50.0,0.05
158220.0,50.0,0.05
158280.0,50.0,0.05
158340.0,50.0,0.05
158400.0,50.0,0.05
158460.0,50.0,0.05
158520.0,50.0,0.05
158580.0,50.0,0.05
158640.0,50.0,0.05
158700.0,50.0,0.05
158760.0,50.0,0.05
158820.0,50.0,0.05
158880.0,50.0,0.05
158940.0,50.0,0.05
159000.0,50.0,0.05
159060.0,50.0,0.05
159120.0,50.0,0.05
159180.0,50.0,0.05
159240.0,50.0,0.05
159300.0,50.0,0.05
159360.0,50.0,0.05
159420.0,50.0,0.05
159480.0,50.0,0.05
159540.0,50.0,0.05
159600.0,50.0,0.05
159660.0,50.0,0.05
159720.0,50.0,0.05
159780.0,50.0,0.05
159840.0,50.0,0.05
159900.0,50.0,0.05
159960.0,50.0,0.05
160020.0,50.0,0.05
160080.0,50.0,0.05
160140.0,50.0,0.05
160200.0,50.0,0.05
160260.0,50.0,0.05
160320.0,50.0,0.05
160380.0,50.0,0.05
160440.0,50.0,0.05
160500.0,50.0,0.05
160560.0,50.0,0.05
160620.0,50.0,0.05
160680.0,50.0,0.05
160740.0,50.0,0.05
160800.0,50.0,0.05
160860.0,50.0,0.05
160920.0,50.0,0.05
160980.0,50.0,0.05
161040.0,50.0,0.05
161100.0,50.0,0.05
161160.0,50.0,0.05
161220.0,50.0,0.05
161280.0,50.0,0.05
161340.0,50.0,0.05
161400.0,50.0,0.05
161460.0,50.0,0.05
161520.0,50.0,0.05
161580.0,50.0,0.05
161640.0,50.0,0.05
161700.0,50.0,0.05
161760.0,50.0,0.05
161820.0,50.0,0.05
161880.0,50.0,0.05
161940.0,50.0,0.05
162000.0,50.0,0.05
162060.0,50.0,0.05
162120.0,50.0,0.05
162180.0,50.0,0.05
162240.0,50.0,0.05
162300.0,50.0,0.05
162360.0,50.0,0.05
162420.0,50.0,0.05
162480.0,50.0,0.05
162540.0,50.0,0.05
162600.0,50.0,0.05
162660.0,50.0,0.05
162720.0,50.0,0.05
162780.0,50.0,0.05
162840.0,50.0,0.05
162900.0,50.0,0.05
162960.0,50.0,0.05
163020.0,50.0,0.05
163080.0,50.0,0.05
163140.0,50.0,0.05
163200.0,50.0,0.05
163260.0,50.0,0.05
163320.0,50.0,0.05
163380.0,50.0,0.05
163440.0,50.0,0.05
163500.0,50.0,0.05
163560.0,50.0,0.05
163620.0,50.0,0.05
163680.0,50.0,0.05
163740.0,50.0,0.05
163800.0,50.0,0.05
163860.0,50.0,0.05
163920.0,50.0,0.05
163980.0,50.0,0.05
164040.0,50.0,0.05
164100.0,50.0,0.05
164160.0,50.0,0.05
164220.0,50.0,0.05
164280.0,50.0,0.05
164340.0,50.0,0.05
164400.0,50.0,0.05
164460.0,50.0,0.05
164520.0,50.0,0.05
164580.0,50.0,0.05
164640.0,50.0,0.05
164700.0,50.0,0.05
164760.0,50.0,0.05
164820.0,50.0,0.05
164880.0,50.0,0.05
164940.0,50.0,0.05
165000.0,50.0,0.05
165060.0,50.0,0.05
165120.0,50.0,0.05
165180.0,50.0,0.05
165240.0,50.0,0.05
165300.0,50.0,0.05
165360.0,50.0,0.05
165420.0,50.0,0.05
165480.0,50.0,0.05
165540.0,50.0,0.05
165600.0,50.0,0.05
165660.0,50.0,0.05
165720.0,50.0,0.05
165780.0,50.0,0.05
165840.0,50.0,0.05
165900.0,50.0,0.05
165960.0,50.0,0.05
166020.0,50.0,0.05
166080.0,50.0,0.05
166140.0,50.0,0.05
166200.0,50.0,0.05
166260.0,50.0,0.05
166320.0,50.0,0.05
166380.0,50.0,0.05
166440.0,50.0,0.05
166500.0,50.0,0.05
166560.0,50.0,0.05
166620.0,50.0,0.05
166680.0,50.0,0.05
166740.0,50.0,0.05
166800.0,50.0,0.05
166860.0,50.0,0.05
166920.0,50.0,0.05
166980.0,50.0,0.05
167040.0,50.0,0.05
167100.0,50.0,0.05
167160.0,50.0,0.05
167220.0,50.0,0.05
167280.0,50.0,0.05
167340.0,50.0,0.05
167400.0,50.0,0.05
167460.0,50.0,0.05
167520.0,50.0,0.05
167580.0,50.0,0.05
167640.0,50.0,0.05
167700.0,50.0,0.05
167760.0,50.0,0.05
167820.0,50.0,0.05
167880.0,50.0,0.05
167940.0,50.0,0.05
168000.0,50.0,0.05
168060.0,50.0,0.05
168120.0,50.0,0.05
168180.0,50.0,0.05
168240.0,50.0,0.05
168300.0,50.0,0.05
168360.0,50.0,0.05
168420.0,50.0,0.05
168480.0,50.0,0.05
168540.0,50.0,0.05
168600.0,50.0,0.05
168660.0,50.0,0.05
168720.0,50.0,0.05
168780.0,50.0,0.05
168840.0,50.0,0.05
168900.0,50.0,0.05
168960.0,50.0,0.05
169020.0,50.0,0.05
169080.0,50.0,0.05
169140.0,50.0,0.05
169200.0,50.0,0.05
169260.0,50.0,0.05
169320.0,50.0,0.05
169380.0,50.0,0.05
169440.0,50.0,0.05
169500.0,50.0,0.05
169560.0,50.0,0.05
169620.0,50.0,0.05
169680.0,50.0,0.05
169740.0,50.0,0.05
169800.0,50.0,0.05
169860.0,50.0,0.05
169920.0,50.0,0.05
169980.0,50.0,0.05
170040.0,50.0,0.05
170100.0,50.0,0.05
170160.0,50.0,0.05
170220.0,50.0,0.05
170280.0,50.0,0.05
170340.0,50.0,0.05
170400.0,50.0,0.05
170460.0,50.0,0.05
170520.0,50.0,0.05
170580.0,50.0,0.05
170640.0,50.0,0.05
170700.0,50.0,0.05
170760.0,50.0,0.05
170820.0,50.0,0.05
170880.0,50.0,0.05
170940.0,50.0,0.05
171000.0,50.0,0.05
171060.0,50.0,0.05
171120.0,50.0,0.05
171180.0,50.0,0.05
171240.0,50.0,0.05
171300.0,50.0,0.05
171360.0,50.0,0.05
171420.0,50.0,0.05
171480.0,50.0,0.05
171540.0,50.0,0.05
171600.0,50.0,0.05
171660.0,50.0,0.05
171720.0,50.0,0.05
171780.0,50.0,0.05
171840.0,50.0,0.05
171900.0,50.0,0.05
171960.0,50.0,0.05
172020.0,50.0,0.05
172080.0,50.0,0.05
172140.0,50.0,0.05
172200.0,50.0,0.05
172260.0,50.0,0.05
172320.0,50.0,0.05
172380.0,50.0,0.05
172440.0,50.0,0.05
172500.0,50.0,0.05
172560.0,50.0,0.05
172620.0,50.0,0.05
172680.0,50.0,0.05
172740.0,50.0,0.05
172800.0,50.0,0.05
172860.0,50.0,0.05
172920.0,50.0,0.05
172980.0,50.0,0.05
173040.0,50.0,0.05
173100.0,50.0,0.05
173160.0,50.0,0.05
173220.0,50.0,0.05
173280.0,50.0,0.05
173340.0,50.0,0.05
173400.0,50.0,0.05
173460.0,50.0,0.05
173520.0,50.0,0.05
173580.0,50.0,0.05
173640.0,50.0,0.05
173700.0,50.0,0.05
173760.0,50.0,0.05
173820.0,50.0,0.05
173880.0,50.0,0.05
173940.0,50.0,0.05
174000.0,50.0,0.05
174060.0,50.0,0.05
174120.0,50.0,0.05
174180.0,50.0,0.05
174240.0,50.0,0.05
174300.0,50.0,0.05
174360.0,50.0,0.05
174420.0,50.0,0.05
174480.0,50.0,0.05
174540.0,50.0,0.05
174600.0,50.0,0.05
174660.0,50.0,0.05
174720.0,50.0,0.05
174780.0,50.0,0.05
174840.0,50.0,0.05
174900.0,50.0,0.05
174960.0,50.0,0.05
175020.0,50.0,0.05
175080.0,50.0,0.05
175140.0,50.0,0.05
175200.0,50.0,0.05
175260.0,50.0,0.05
175320.0,50.0,0.05
175380.0,50.0,0.05
175440.0,50.0,0.05
175500.0,50.0,0.05
175560.0,50.0,0.05
175620.0,50.0,0.05
175680.0,50.0,0.05
175740.0,50.0,0.05
175800.0,50.0,0.05
175860.0,50.0,0.05
175920.0,50.0,0.05
175980.0,50.0,0.05
176040.0,50.0,0.05
176100.0,50.0,0.05
176160.0,50.0,0.05
176220.0,50.0,0.05
176280.0,50.0,0.05
176340.0,50.0,0.05
176400.0,50.0,0.05
176460.0,50.0,0.05
176520.0,50.0,0.05
176580.0,50.0,0.05
176640.0,50.0,0.05
176700.0,50.0,0.05
176760.0,50.0,0.05
176820.0,50.0,0.05
176880.0,50.0,0.05
176940.0,50.0,0.05
177000.0,50.0,0.05
177060.0,50.0,0.05
177120.0,50.0,0.05
177180.0,50.0,0.05
177240.0,50.0,0.05
177300.0,50.0,0.05
177360.0,50.0,0.05
177420.0,50.0,0.05
177480.0,50.0,0.05
177540.0,50.0,0.05
177600.0,50.0,0.05
177660.0,50.0,0.05
177720.0,50.0,0.05
177780.0,50.0,0.05
177840.0,50.0,0.05
177900.0,50.0,0.05
177960.0,50.0,0.05
178020.0,50.0,0.05
178080.0,50.0,0.05
178140.0,50.0,0.05
178200.0,50.0,0.05
178260.0,50.0,0.05
178320.0,50.0,0.05
178380.0,50.0,0.05
178440.0,50.0,0.05
178500.0,50.0,0.05
178560.0,50.0,0.05
178620.0,50.0,0.05
178680.0,50.0,0.05
178740.0,50.0,0.05
178800.0,50.0,0.05
178860.0,50.0,0.05
178920.0,50.0,0.05
178980.0,50.0,0.05
179040.0,50.0,0.05
179100.0,50.0,0.05
179160.0,50.0,0.05
179220.0,50.0,0.05
179280.0,50.0,0.05
179340.0,50.0,0.05
179400.0,50.0,0.05
179460.0,50.0,0.05
179520.0,50.0,0.05
179580.0,50.0,0.05
179640.0,50.0,0.05
179700.0,50.0,0.05
179760.0,50.0,0.05
179820.0,50.0,0.05
179880.0,50.0,0.05
179940.0,50.0,0.05
180000.0,50.0,0.05
180060.0,50.0,0.05
180120.0,50.0,0.05
180180.0,50.0,0.05
180240.0,50.0,0.05
180300.0,50.0,0.05
180360.0,50.0,0.05
180420.0,50.0,0.05
180480.0,50.0,0.05
180540.0,50.0,0.05
180600.0,50.0,0.05
180660.0,50.0,0.05
180720.0,50.0,0.05
180780.0,50.0,0.05
180840.0,50.0,0.05
180900.0,50.0,0.05
180960.0,50.0,0.05
181020.0,50.0,0.05
181080.0,50.0,0.05
181140.0,50.0,0.05
181200.0,50.0,0.05
181260.0,50.0,0.05
181320.0,50.0,0.05
181380.0,50.0,0.05
181440.0,50.0,0.05
181500.0,50.0,0.05
181560.0,50.0,0.05
181620.0,50.0,0.05
181680.0,50.0,0.05
181740.0,50.0,0.05
181800.0,50.0,0.05
181860.0,50.0,0.05
181920.0,50.0,0.05
181980.0,50.0,0.05
182040.0,50.0,0.05
182100.0,50.0,0.05
182160.0,50.0,0.05
182220.0,50.0,0.05
182280.0,50.0,0.05
182340.0,50.0,0.05
182400.0,50.0,0.05
182460.0,50.0,0.05
182520.0,50.0,0.05
182580.0,50.0,0.05
182640.0,50.0,0.05
182700.0,50.0,0.05
182760.0,50.0,0.05
182820.0,50.0,0.05
182880.0,50.0,0.05
182940.0,50.0,0.05
183000.0,50.0,0.05
183060.0,50.0,0.05
183120.0,50.0,0.05
183180.0,50.0,0.05
183240.0,50.0,0.05
183300.0,50.0,0.05
183360.0,50.0,0.05
183420.0,50.0,0.05
183480.0,50.0,0.05
183540.0,50.0,0.05
183600.0,50.0,0.05
183660.0,50.0,0.05
183720.0,50.0,0.05
183780.0,50.0,0.05
183840.0,50.0,0.05
183900.0,50.0,0.05
183960.0,50.0,0.05
184020.0,50.0,0.05
184080.0,50.0,0.05
184140.0,50.0,0.05
184200.0,50.0,0.05
184260.0,50.0,0.05
184320.0,50.0,0.05
184380.0,50.0,0.05
184440.0,50.0,0.05
184500.0,50.0,0.05
184560.0,50.0,0.05
184620.0,50.0,0.05
184680.0,50.0,0.05
184740.0,50.0,0.05
184800.0,50.0,0.05
184860.0,50.0,0.05
184920.0,50.0,0.05
184980.0,50.0,0.05
185040.0,50.0,0.05
185100.0,50.0,0.05
185160.0,50.0,0.05
185220.0,50.0,0.05
185280.0,50.0,0.05
185340.0,50.0,0.05
185400.0,50.0,0.05
185460.0,50.0,0.05
185520.0,50.0,0.05
185580.0,50.0,0.05
185640.0,50.0,0.05
185700.0,50.0,0.05
185760.0,50.0,0.05
185820.0,50.0,0.05
185880.0,50.0,0.05
185940.0,50.0,0.05
186000.0,50.0,0.05
186060.0,50.0,0.05
186120.0,50.0,0.05
186180.0,50.0,0.05
186240.0,50.0,0.05
186300.0,50.0,0.05
186360.0,50.0,0.05
186420.0,50.0,0.05
186480.0,50.0,0.05
186540.0,50.0,0.05
186600.0,50.0,0.05
186660.0,50.0,0.05
186720.0,50.0,0.05
186780.0,50.0,0.05
186840.0,50.0,0.05
186900.0,50.0,0.05
186960.0,50.0,0.05
187020.0,50.0,0.05
187080.0,50.0,0.05
187140.0,50.0,0.05
187200.0,50.0,0.05
187260.0,50.0,0.05
187320.0,50.0,0.05
187380.0,50.0,0.05
187440.0,50.0,0.05
187500.0,50.0,0.05
187560.0,50.0,0.05
187620.0,50.0,0.05
187680.0,50.0,0.05
187740.0,50.0,0.05
187800.0,50.0,0.05
187860.0,50.0,0.05
187920.0,50.0,0.05
187980.0,50.0,0.05
188040.0,50.0,0.05
188100.0,50.0,0.05
188160.0,50.0,0.05
188220.0,50.0,0.05
188280.0,50.0,0.05
188340.0,50.0,0.05
188400.0,50.0,0.05
188460.0,50.0,0.05
188520.0,50.0,0.05
188580.0,50.0,0.05
188640.0,50.0,0.05
188700.0,50.0,0.05
188760.0,50.0,0.05
188820.0,50.0,0.05
188880.0,50.0,0.05
188940.0,50.0,0.05
189000.0,50.0,0.05
189060.0,50.0,0.05
189120.0,50.0,0.05
189180.0,50.0,0.05
189240.0,50.0,0.05
189300.0,50.0,0.05
189360.0,50.0,0.05
189420.0,50.0,0.05
189480.0,50.0,0.05
189540.0,50.0,0.05
189600.0,50.0,0.05
189660.0,50.0,0.05
189720.0,50.0,0.05
189780.0,50.0,0.05
189840.0,50.0,0.05
189900.0,50.0,0.05
189960.0,50.0,0.05
190020.0,50.0,0.05
190080.0,50.0,0.05
190140.0,50.0,0.05
190200.0,50.0,0.05
190260.0,50.0,0.05
190320.0,50.0,0.05
190380.0,50.0,0.05
190440.0,50.0,0.05
190500.0,50.0,0.05
190560.0,50.0,0.05
190620.0,50.0,0.05
190680.0,50.0,0.05
190740.0,50.0,0.05
190800.0,50.0,0.05
190860.0,50.0,0.05
190920.0,50.0,0.05
190980.0,50.0,0.05
191040.0,50.0,0.05
191100.0,50.0,0.05
191160.0,50.0,0.05
191220.0,50.0,0.05
191280.0,50.0,0.05
191340.0,50.0,0.05
191400.0,50.0,0.05
191460.0,50.0,0.05
191520.0,50.0,0.05
191580.0,50.0,0.05
191640.0,50.0,0.05
191700.0,50.0,0.05
191760.0,50.0,0.05
191820.0,50.0,0.05
191880.0,50.0,0.05
191940.0,50.0,0.05
192000.0,50.0,0.05
192060.0,50.0,0.05
192120.0,50.0,0.05
192180.0,50.0,0.05
192240.0,50.0,0.05
192300.0,50.0,0.05
192360.0,50.0,0.05
192420.0,50.0,0.05
192480.0,50.0,0.05
192540.0,50.0,0.05
192600.0,50.0,0.05
192660.0,50.0,0.05
192720.0,50.0,0.05
192780.0,50.0,0.05
192840.0,50.0,0.05
192900.0,50.0,0.05
192960.0,50.0,0.05
193020.0,50.0,0.05
193080.0,50.0,0.05
193140.0,50.0,0.05
193200.0,50.0,0.05
193260.0,50.0,0.05
193320.0,50.0,0.05
193380.0,50.0,0.05
193440.0,50.0,0.05
193500.0,50.0,0.05
193560.0,50.0,0.05
193620.0,50.0,0.05
193680.0,50.0,0.05
193740.0,50.0,0.05
193800.0,50.0,0.05
193860.0,50.0,0.05
193920.0,50.0,0.05
193980.0,50.0,0.05
194040.0,50.0,0.05
194100.0,50.0,0.05
194160.0,50.0,0.05
194220.0,50.0,0.05
194280.0,50.0,0.05
194340.0,50.0,0.05
194400.0,50.0,0.05
194460.0,50.0,0.05
194520.0,50.0,0.05
194580.0,50.0,0.05
194640.0,50.0,0.05
194700.0,50.0,0.05
194760.0,50.0,0.05
194820.0,50.0,0.05
194880.0,50.0,0.05
194940.0,50.0,0.05
195000.0,50.0,0.05
195060.0,50.0,0.05
195120.0,50.0,0.05
195180.0,50.0,0.05
195240.0,50.0,0.05
195300.0,50.0,0.05
195360.0,50.0,0.05
195420.0,50.0,0.05
195480.0,50.0,0.05
195540.0,50.0,0.05
195600.0,50.0,0.05
195660.0,50.0,0.05
195720.0,50.0,0.05
195780.0,50.0,0.05
195840.0,50.0,0.05
195900.0,50.0,0.05
195960.0,50.0,0.05
196020.0,50.0,0.05
196080.0,50.0,0.05
196140.0,50.0,0.05
196200.0,50.0,0.05
196260.0,50.0,0.05
196320.0,50.0,0.05
196380.0,50.0,0.05
196440.0,50.0,0.05
196500.0,50.0,0.05
196560.0,50.0,0.05
196620.0,50.0,0.05
196680.0,50.0,0.05
196740.0,50.0,0.05
196800.0,50.0,0.05
196860.0,50.0,0.05
196920.0,50.0,0.05
196980.0,50.0,0.05
197040.0,50.0,0.05
197100.0,50.0,0.05
197160.0,50.0,0.05
197220.0,50.0,0.05
197280.0,50.0,0.05
197340.0,50.0,0.05
197400.0,50.0,0.05
197460.0,50.0,0.05
197520.0,50.0,0.05
197580.0,50.0,0.05
197640.0,50.0,0.05
197700.0,50.0,0.05
197760.0,50.0,0.05
197820.0,50.0,0.05
197880.0,50.0,0.05
197940.0,50.0,0.05
198000.0,50.0,0.05
198060.0,50.0,0.05
198120.0,50.0,0.05
198180.0,50.0,0.05
198240.0,50.0,0.05
198300.0,50.0,0.05
198360.0,50.0,0.05
198420.0,50.0,0.05
198480.0,50.0,0.05
198540.0,50.0,0.05
198600.0,50.0,0.05
198660.0,50.0,0.05
198720.0,50.0,0.05
198780.0,50.0,0.05
198840.0,50.0,0.05
198900.0,50.0,0.05
198960.0,50.0,0.05
199020.0,50.0,0.05
199080.0,50.0,0.05
199140.0,50.0,0.05
199200.0,50.0,0.05
199260.0,50.0,0.05
199320.0,50.0,0.05
199380.0,50.0,0.05
199440.0,50.0,0.05
199500.0,50.0,0.05
199560.0,50.0,0.05
199620.0,50.0,0.05
199680.0,50.0,0.05
199740.0,50.0,0.05
199800.0,50.0,0.05
199860.0,50.0,0.05
199920.0,50.0,0.05
199980.0,50.0,0.05
200040.0,50.0,0.05
200100.0,50.0,0.05
200160.0,50.0,0.05
200220.0,50.0,0.05
200280.0,50.0,0.05
200340.0,50.0,0.05
200400.0,50.0,0.05
200460.0,50.0,0.05
200520.0,50.0,0.05
200580.0,50.0,0.05
200640.0,50.0,0.05
200700.0,50.0,0.05
200760.0,50.0,0.05
200820.0,50.0,0.05
200880.0,50.0,0.05
200940.0,50.0,0.05
201000.0,50.0,0.05
201060.0,50.0,0.05
201120.0,50.0,0.05
201180.0,50.0,0.05
201240.0,50.0,0.05
201300.0,50.0,0.05
201360.0,50.0,0.05
201420.0,50.0,0.05
201480.0,50.0,0.05
201540.0,50.0,0.05
201600.0,50.0,0.05
201660.0,50.0,0.05
201720.0,50.0,0.05
201780.0,50.0,0.05
201840.0,50.0,0.05
201900.0,50.0,0.05
201960.0,50.0,0.05
202020.0,50.0,0.05
202080.0,50.0,0.05
202140.0,50.0,0.05
202200.0,50.0,0.05
202260.0,50.0,0.05
202320.0,50.0,0.05
202380.0,50.0,0.05
202440.0,50.0,0.05
202500.0,50.0,0.05
202560.0,50.0,0.05
202620.0,50.0,0.05
202680.0,50.0,0.05
202740.0,50.0,0.05
202800.0,50.0,0.05
202860.0,50.0,0.05
202920.0,50.0,0.05
202980.0,50.0,0.05
203040.0,50.0,0.05
203100.0,50.0,0.05
203160.0,50.0,0.05
203220.0,50.0,0.05
203280.0,50.0,0.05
203340.0,50.0,0.05
203400.0,50.0,0.05
203460.0,50.0,0.05
203520.0,50.0,0.05
203580.0,50.0,0.05
203640.0,50.0,0.05
203700.0,50.0,0.05
203760.0,50.0,0.05
203820.0,50.0,0.05
203880.0,50.0,0.05
203940.0,50.0,0.05
204000.0,50.0,0.05
204060.0,50.0,0.05
204120.0,50.0,0.05
204180.0,50.0,0.05
204240.0,50.0,0.05
204300.0,50.0,0.05
204360.0,50.0,0.05
204420.0,50.0,0.05
204480.0,50.0,0.05
204540.0,50.0,0.05
204600.0,50.0,0.05
204660.0,50.0,0.05
204720.0,50.0,0.05
204780.0,50.0,0.05
204840.0,50.0,0.05
204900.0,50.0,0.05
204960.0,50.0,0.05
205020.0,50.0,0.05
205080.0,50.0,0.05
205140.0,50.0,0.05
205200.0,50.0,0.05
205260.0,50.0,0.05
205320.0,50.0,0.05
205380.0,50.0,0.05
205440.0,50.0,0.05
205500.0,50.0,0.05
205560.0,50.0,0.05
205620.0,50.0,0.05
205680.0,50.0,0.05
205740.0,50.0,0.05
205800.0,50.0,0.05
205860.0,50.0,0.05
205920.0,50.0,0.05
205980.0,50.0,0.05
206040.0,50.0,0.05
206100.0,50.0,0.05
206160.0,50.0,0.05
206220.0,50.0,0.05
206280.0,50.0,0.05
206340.0,50.0,0.05
206400.0,50.0,0.05
206460.0,50.0,0.05
206520.0,50.0,0.05
206580.0,50.0,0.05
206640.0,50.0,0.05
206700.0,50.0,0.05
206760.0,50.0,0.05
206820.0,50.0,0.05
206880.0,50.0,0.05
